date_block_num,item_category_id,monthly_total_item_cat_sales_sum,monthly_total_item_cat_sales_mean,monthly_total_item_cat_sales_heat
0,0,0.0,0.0,0.0
0,1,0.0,0.0,0.0
0,2,1171.0,1.7425595238095237,3.0
0,3,73.0,1.2166666666666666,2.0
0,4,532.0,2.3231441048034935,3.0
0,5,685.0,2.1540880503144653,3.0
0,6,285.0,1.4108910891089108,2.0
0,7,0.0,0.0,0.0
0,8,0.0,0.0,0.0
0,9,0.0,0.0,0.0
0,10,0.0,0.0,0.0
0,11,393.0,1.4719101123595506,3.0
0,12,0.0,0.0,0.0
0,13,58.0,1.2608695652173914,2.0
0,14,124.0,1.5121951219512195,2.0
0,15,790.0,5.064102564102564,3.0
0,16,0.0,0.0,0.0
0,17,0.0,0.0,0.0
0,18,0.0,0.0,0.0
0,19,7522.0,2.291895185862279,5.0
0,20,0.0,0.0,0.0
0,21,3362.0,2.0462568472306755,4.0
0,22,705.0,1.4748953974895398,3.0
0,23,4695.0,2.3893129770992365,4.0
0,24,0.0,0.0,0.0
0,25,126.0,1.2115384615384615,2.0
0,26,0.0,0.0,0.0
0,27,0.0,0.0,0.0
0,28,2610.0,1.8736539842067481,4.0
0,29,501.0,1.9343629343629343,3.0
0,30,15816.0,2.4113431925598414,5.0
0,31,0.0,0.0,0.0
0,32,0.0,0.0,0.0
0,33,340.0,3.617021276595745,3.0
0,34,0.0,0.0,0.0
0,35,90.0,1.2857142857142858,2.0
0,36,0.0,0.0,0.0
0,37,7993.0,1.856678281068525,5.0
0,38,2396.0,2.101754385964912,4.0
0,39,0.0,0.0,0.0
0,40,37550.0,2.0265529710184036,5.0
0,41,4207.0,2.5404589371980677,4.0
0,42,0.0,0.0,0.0
0,43,1931.0,1.9623983739837398,4.0
0,44,0.0,0.0,0.0
0,45,559.0,2.0107913669064748,3.0
0,46,0.0,0.0,0.0
0,47,0.0,0.0,0.0
0,48,0.0,0.0,0.0
0,49,760.0,1.5767634854771784,3.0
0,50,0.0,0.0,0.0
0,51,0.0,0.0,0.0
0,52,0.0,0.0,0.0
0,53,0.0,0.0,0.0
0,54,0.0,0.0,0.0
0,55,17789.0,2.1278708133971294,5.0
0,56,330.0,1.4798206278026906,3.0
0,57,2933.0,2.4647058823529413,4.0
0,58,896.0,2.3152454780361755,3.0
0,59,818.0,1.8423423423423424,3.0
0,60,78.0,1.813953488372093,2.0
0,61,2.0,1.0,1.0
0,62,1894.0,1.81940441882805,4.0
0,63,1288.0,1.7790055248618784,3.0
0,64,1132.0,2.291497975708502,3.0
0,65,540.0,1.291866028708134,3.0
0,66,505.0,1.6185897435897436,3.0
0,67,2311.0,1.8652138821630346,4.0
0,68,0.0,0.0,0.0
0,69,289.0,1.6055555555555556,2.0
0,70,246.0,1.2947368421052632,2.0
0,71,2.0,1.0,1.0
0,72,1105.0,2.4285714285714284,3.0
0,73,386.0,1.3402777777777777,3.0
0,74,0.0,0.0,0.0
0,75,1881.0,1.7384473197781884,4.0
0,76,0.0,0.0,0.0
0,77,1133.0,3.1126373626373627,3.0
0,78,0.0,0.0,0.0
0,79,17.0,1.1333333333333333,1.0
0,80,0.0,0.0,0.0
0,81,201.0,2.7162162162162162,2.0
0,82,383.0,1.9540816326530612,3.0
0,83,119.0,1.4691358024691359,2.0
1,0,0.0,0.0,0.0
1,1,0.0,0.0,0.0
1,2,1240.0,1.9106317411402156,4.0
1,3,71.0,1.1451612903225807,2.0
1,4,548.0,2.4573991031390134,3.0
1,5,1587.0,4.277628032345014,4.0
1,6,340.0,1.552511415525114,3.0
1,7,0.0,0.0,0.0
1,8,0.0,0.0,0.0
1,9,0.0,0.0,0.0
1,10,0.0,0.0,0.0
1,11,373.0,1.492,3.0
1,12,0.0,0.0,0.0
1,13,27.0,1.35,2.0
1,14,128.0,1.391304347826087,2.0
1,15,599.0,4.188811188811189,3.0
1,16,0.0,0.0,0.0
1,17,0.0,0.0,0.0
1,18,0.0,0.0,0.0
1,19,6101.0,1.9579589216944802,5.0
1,20,0.0,0.0,0.0
1,21,3030.0,2.069672131147541,4.0
1,22,1796.0,3.5009746588693957,4.0
1,23,5204.0,2.6949766960124286,5.0
1,24,0.0,0.0,0.0
1,25,141.0,1.2935779816513762,2.0
1,26,0.0,0.0,0.0
1,27,0.0,0.0,0.0
1,28,6388.0,4.081789137380191,5.0
1,29,420.0,1.883408071748879,3.0
1,30,15044.0,2.376619273301738,5.0
1,31,0.0,0.0,0.0
1,32,0.0,0.0,0.0
1,33,206.0,2.1458333333333335,3.0
1,34,0.0,0.0,0.0
1,35,60.0,1.1111111111111112,2.0
1,36,0.0,0.0,0.0
1,37,8120.0,1.9727891156462585,5.0
1,38,2024.0,1.9631425800193987,4.0
1,39,0.0,0.0,0.0
1,40,32192.0,1.8852190208479738,5.0
1,41,2781.0,2.0707371556217424,4.0
1,42,0.0,0.0,0.0
1,43,1516.0,1.7546296296296295,4.0
1,44,0.0,0.0,0.0
1,45,341.0,1.4327731092436975,3.0
1,46,433.0,10.069767441860465,3.0
1,47,0.0,0.0,0.0
1,48,0.0,0.0,0.0
1,49,681.0,1.470842332613391,3.0
1,50,0.0,0.0,0.0
1,51,0.0,0.0,0.0
1,52,0.0,0.0,0.0
1,53,0.0,0.0,0.0
1,54,0.0,0.0,0.0
1,55,18888.0,2.301730441140629,5.0
1,56,254.0,1.2828282828282829,3.0
1,57,2626.0,2.2348936170212768,4.0
1,58,812.0,2.374269005847953,3.0
1,59,751.0,1.7029478458049887,3.0
1,60,44.0,1.2571428571428571,2.0
1,61,1.0,1.0,1.0
1,62,1333.0,1.5850178359096314,4.0
1,63,1183.0,1.6139154160982265,4.0
1,64,853.0,1.8955555555555557,3.0
1,65,826.0,1.8561797752808988,3.0
1,66,465.0,1.6145833333333333,3.0
1,67,2199.0,1.8572635135135136,4.0
1,68,0.0,0.0,0.0
1,69,277.0,1.658682634730539,3.0
1,70,277.0,1.3712871287128714,3.0
1,71,1.0,1.0,1.0
1,72,923.0,1.8760162601626016,3.0
1,73,329.0,1.3319838056680162,3.0
1,74,0.0,0.0,0.0
1,75,1832.0,1.764932562620424,4.0
1,76,0.0,0.0,0.0
1,77,2365.0,5.72639225181598,4.0
1,78,0.0,0.0,0.0
1,79,6.0,1.2,1.0
1,80,0.0,0.0,0.0
1,81,130.0,1.9402985074626866,2.0
1,82,255.0,1.5838509316770186,3.0
1,83,96.0,1.170731707317073,2.0
2,0,0.0,0.0,0.0
2,1,0.0,0.0,0.0
2,2,1101.0,1.6482035928143712,3.0
2,3,50.0,1.25,1.0
2,4,621.0,2.598326359832636,2.0
2,5,6778.0,13.804480651731161,4.0
2,6,292.0,1.6312849162011174,2.0
2,7,0.0,0.0,0.0
2,8,0.0,0.0,0.0
2,9,0.0,0.0,0.0
2,10,0.0,0.0,0.0
2,11,481.0,1.5874587458745875,2.0
2,12,0.0,0.0,0.0
2,13,35.0,1.1666666666666667,1.0
2,14,121.0,1.423529411764706,1.0
2,15,579.0,3.0473684210526315,2.0
2,16,0.0,0.0,0.0
2,17,0.0,0.0,0.0
2,18,0.0,0.0,0.0
2,19,9144.0,2.6014224751066855,4.0
2,20,0.0,0.0,0.0
2,21,3561.0,2.1503623188405796,4.0
2,22,1190.0,2.084063047285464,3.0
2,23,5262.0,2.409340659340659,4.0
2,24,0.0,0.0,0.0
2,25,281.0,2.0215827338129495,2.0
2,26,0.0,0.0,0.0
2,27,0.0,0.0,0.0
2,28,4261.0,2.8069828722002637,4.0
2,29,555.0,2.003610108303249,2.0
2,30,19348.0,2.7029896619167366,5.0
2,31,0.0,0.0,0.0
2,32,0.0,0.0,0.0
2,33,155.0,1.5048543689320388,1.0
2,34,0.0,0.0,0.0
2,35,52.0,1.1555555555555554,1.0
2,36,0.0,0.0,0.0
2,37,8415.0,1.9203560018256505,4.0
2,38,2171.0,1.961156278229449,3.0
2,39,0.0,0.0,0.0
2,40,37896.0,2.113316975239795,5.0
2,41,2709.0,1.9199149539333806,3.0
2,42,0.0,0.0,0.0
2,43,1651.0,1.8004362050163576,3.0
2,44,0.0,0.0,0.0
2,45,316.0,1.3389830508474576,2.0
2,46,95.0,2.5675675675675675,1.0
2,47,0.0,0.0,0.0
2,48,0.0,0.0,0.0
2,49,835.0,1.6902834008097165,2.0
2,50,0.0,0.0,0.0
2,51,0.0,0.0,0.0
2,52,0.0,0.0,0.0
2,53,0.0,0.0,0.0
2,54,0.0,0.0,0.0
2,55,17626.0,2.140116561437591,5.0
2,56,353.0,1.389763779527559,2.0
2,57,2281.0,2.020372010628875,3.0
2,58,618.0,1.6436170212765957,2.0
2,59,671.0,1.605263157894737,2.0
2,60,326.0,4.0246913580246915,2.0
2,61,0.0,0.0,0.0
2,62,1297.0,1.5740291262135921,3.0
2,63,1265.0,1.6407263294422827,3.0
2,64,638.0,1.5560975609756098,2.0
2,65,829.0,1.546641791044776,2.0
2,66,1582.0,4.394444444444445,3.0
2,67,2177.0,1.604274134119381,3.0
2,68,0.0,0.0,0.0
2,69,192.0,1.2229299363057324,1.0
2,70,2613.0,6.858267716535433,3.0
2,71,0.0,0.0,0.0
2,72,836.0,1.76,2.0
2,73,648.0,2.0970873786407767,2.0
2,74,0.0,0.0,0.0
2,75,3433.0,2.9068585944115157,4.0
2,76,0.0,0.0,0.0
2,77,1432.0,3.276887871853547,3.0
2,78,0.0,0.0,0.0
2,79,7.0,1.1666666666666667,1.0
2,80,0.0,0.0,0.0
2,81,94.0,1.8076923076923077,1.0
2,82,211.0,1.6484375,1.0
2,83,86.0,1.3650793650793651,1.0
3,0,0.0,0.0,0.0
3,1,0.0,0.0,0.0
3,2,795.0,1.4832089552238805,3.0
3,3,46.0,1.0454545454545454,2.0
3,4,504.0,2.4705882352941178,3.0
3,5,1982.0,4.587962962962963,4.0
3,6,178.0,1.3185185185185184,2.0
3,7,0.0,0.0,0.0
3,8,0.0,0.0,0.0
3,9,0.0,0.0,0.0
3,10,0.0,0.0,0.0
3,11,291.0,1.4696969696969697,3.0
3,12,0.0,0.0,0.0
3,13,33.0,1.1785714285714286,2.0
3,14,61.0,1.2448979591836735,2.0
3,15,450.0,2.5280898876404496,3.0
3,16,0.0,0.0,0.0
3,17,0.0,0.0,0.0
3,18,0.0,0.0,0.0
3,19,6988.0,2.3544474393530996,5.0
3,20,0.0,0.0,0.0
3,21,2315.0,1.6934893928310168,4.0
3,22,1218.0,2.4214711729622267,4.0
3,23,3847.0,2.0561197220737575,4.0
3,24,0.0,0.0,0.0
3,25,164.0,1.5045871559633028,2.0
3,26,0.0,0.0,0.0
3,27,0.0,0.0,0.0
3,28,3492.0,2.5086206896551726,4.0
3,29,419.0,1.9220183486238531,3.0
3,30,14224.0,2.289761751448809,5.0
3,31,0.0,0.0,0.0
3,32,0.0,0.0,0.0
3,33,57.0,1.14,2.0
3,34,0.0,0.0,0.0
3,35,47.0,1.3055555555555556,2.0
3,36,0.0,0.0,0.0
3,37,7165.0,1.8259429153924567,5.0
3,38,1874.0,1.933952528379773,4.0
3,39,0.0,0.0,0.0
3,40,27985.0,1.8313592042405602,5.0
3,41,2048.0,1.6897689768976898,4.0
3,42,0.0,0.0,0.0
3,43,1204.0,1.5435897435897437,4.0
3,44,0.0,0.0,0.0
3,45,203.0,1.2767295597484276,2.0
3,46,27.0,1.5,2.0
3,47,0.0,0.0,0.0
3,48,0.0,0.0,0.0
3,49,1391.0,3.017353579175705,4.0
3,50,0.0,0.0,0.0
3,51,0.0,0.0,0.0
3,52,0.0,0.0,0.0
3,53,0.0,0.0,0.0
3,54,0.0,0.0,0.0
3,55,14472.0,2.0796091392441443,5.0
3,56,359.0,1.5745614035087718,3.0
3,57,1964.0,1.9445544554455445,4.0
3,58,451.0,1.4595469255663431,3.0
3,59,601.0,1.5941644562334218,3.0
3,60,96.0,2.0,2.0
3,61,0.0,0.0,0.0
3,62,1169.0,1.6581560283687944,4.0
3,63,982.0,1.4878787878787878,3.0
3,64,618.0,1.5685279187817258,3.0
3,65,574.0,1.3195402298850574,3.0
3,66,453.0,1.5408163265306123,3.0
3,67,1542.0,1.4560906515580736,4.0
3,68,0.0,0.0,0.0
3,69,133.0,1.1981981981981982,2.0
3,70,786.0,2.4794952681388014,3.0
3,71,1.0,1.0,1.0
3,72,719.0,1.5871964679911699,3.0
3,73,746.0,2.187683284457478,3.0
3,74,0.0,0.0,0.0
3,75,1669.0,1.775531914893617,4.0
3,76,0.0,0.0,0.0
3,77,574.0,1.9326599326599327,3.0
3,78,0.0,0.0,0.0
3,79,5.0,1.0,1.0
3,80,0.0,0.0,0.0
3,81,49.0,1.3243243243243243,2.0
3,82,191.0,1.4921875,2.0
3,83,80.0,1.1940298507462686,2.0
4,0,0.0,0.0,0.0
4,1,0.0,0.0,0.0
4,2,748.0,1.4166666666666667,3.0
4,3,38.0,1.0555555555555556,2.0
4,4,403.0,2.0049751243781095,3.0
4,5,1085.0,2.8703703703703702,4.0
4,6,258.0,1.7315436241610738,3.0
4,7,0.0,0.0,0.0
4,8,0.0,0.0,0.0
4,9,3.0,1.0,1.0
4,10,0.0,0.0,0.0
4,11,247.0,1.3279569892473118,3.0
4,12,0.0,0.0,0.0
4,13,29.0,1.1153846153846154,2.0
4,14,76.0,1.2666666666666666,2.0
4,15,431.0,2.3944444444444444,3.0
4,16,0.0,0.0,0.0
4,17,0.0,0.0,0.0
4,18,0.0,0.0,0.0
4,19,5719.0,2.0366809116809117,5.0
4,20,0.0,0.0,0.0
4,21,2142.0,1.7191011235955056,4.0
4,22,892.0,1.7120921305182342,4.0
4,23,2801.0,1.7300802964793083,4.0
4,24,0.0,0.0,0.0
4,25,138.0,1.2432432432432432,2.0
4,26,0.0,0.0,0.0
4,27,0.0,0.0,0.0
4,28,2479.0,1.8094890510948904,4.0
4,29,386.0,1.892156862745098,3.0
4,30,13077.0,2.127725349821022,5.0
4,31,0.0,0.0,0.0
4,32,0.0,0.0,0.0
4,33,47.0,1.146341463414634,2.0
4,34,0.0,0.0,0.0
4,35,35.0,1.09375,2.0
4,36,0.0,0.0,0.0
4,37,6827.0,1.7862375719518577,5.0
4,38,1827.0,1.9211356466876972,4.0
4,39,0.0,0.0,0.0
4,40,31021.0,2.0551874917185637,5.0
4,41,1685.0,1.538812785388128,4.0
4,42,0.0,0.0,0.0
4,43,1505.0,1.8398533007334963,4.0
4,44,0.0,0.0,0.0
4,45,145.0,1.3425925925925926,2.0
4,46,13.0,1.4444444444444444,1.0
4,47,0.0,0.0,0.0
4,48,0.0,0.0,0.0
4,49,1119.0,2.336116910229645,4.0
4,50,0.0,0.0,0.0
4,51,0.0,0.0,0.0
4,52,0.0,0.0,0.0
4,53,0.0,0.0,0.0
4,54,0.0,0.0,0.0
4,55,17441.0,2.5324524466385943,5.0
4,56,321.0,1.3717948717948718,3.0
4,57,2052.0,2.0790273556231003,4.0
4,58,393.0,1.31,3.0
4,59,702.0,1.755,3.0
4,60,56.0,1.5135135135135136,2.0
4,61,1.0,1.0,1.0
4,62,1090.0,1.5935672514619883,4.0
4,63,1067.0,1.6909667194928684,4.0
4,64,589.0,1.4615384615384615,3.0
4,65,494.0,1.3315363881401616,3.0
4,66,523.0,1.5896656534954408,3.0
4,67,1732.0,1.6232427366447986,4.0
4,68,0.0,0.0,0.0
4,69,107.0,1.1263157894736842,2.0
4,70,540.0,2.076923076923077,3.0
4,71,0.0,0.0,0.0
4,72,573.0,1.4148148148148147,3.0
4,73,656.0,2.179401993355482,3.0
4,74,0.0,0.0,0.0
4,75,2730.0,2.5138121546961325,4.0
4,76,0.0,0.0,0.0
4,77,416.0,1.5580524344569289,3.0
4,78,0.0,0.0,0.0
4,79,4.0,1.0,1.0
4,80,0.0,0.0,0.0
4,81,35.0,1.1666666666666667,2.0
4,82,210.0,1.6535433070866141,3.0
4,83,82.0,1.1388888888888888,2.0
5,0,0.0,0.0,0.0
5,1,0.0,0.0,0.0
5,2,662.0,1.3373737373737373,3.0
5,3,47.0,1.205128205128205,2.0
5,4,564.0,2.8341708542713566,3.0
5,5,758.0,2.1907514450867054,3.0
5,6,170.0,1.4166666666666667,2.0
5,7,0.0,0.0,0.0
5,8,0.0,0.0,0.0
5,9,0.0,0.0,0.0
5,10,0.0,0.0,0.0
5,11,307.0,1.382882882882883,3.0
5,12,0.0,0.0,0.0
5,13,33.0,1.2692307692307692,2.0
5,14,71.0,1.1833333333333333,2.0
5,15,429.0,2.3189189189189188,3.0
5,16,0.0,0.0,0.0
5,17,0.0,0.0,0.0
5,18,0.0,0.0,0.0
5,19,6319.0,2.1529812606473593,4.0
5,20,0.0,0.0,0.0
5,21,2870.0,2.1306607275426876,4.0
5,22,1345.0,2.2268211920529803,4.0
5,23,2887.0,1.731853629274145,4.0
5,24,0.0,0.0,0.0
5,25,258.0,1.6125,3.0
5,26,0.0,0.0,0.0
5,27,0.0,0.0,0.0
5,28,2545.0,1.7909922589725544,4.0
5,29,378.0,1.9285714285714286,3.0
5,30,14688.0,2.44636908727515,5.0
5,31,0.0,0.0,0.0
5,32,0.0,0.0,0.0
5,33,3180.0,39.25925925925926,4.0
5,34,0.0,0.0,0.0
5,35,34.0,1.096774193548387,2.0
5,36,0.0,0.0,0.0
5,37,7088.0,1.7912560020217336,5.0
5,38,2154.0,1.9816007359705612,4.0
5,39,0.0,0.0,0.0
5,40,41661.0,2.5469829430824724,5.0
5,41,2246.0,1.7811260904044408,4.0
5,42,0.0,0.0,0.0
5,43,1135.0,1.4607464607464606,3.0
5,44,0.0,0.0,0.0
5,45,118.0,1.1238095238095238,2.0
5,46,17.0,1.1333333333333333,2.0
5,47,0.0,0.0,0.0
5,48,0.0,0.0,0.0
5,49,921.0,1.845691382765531,3.0
5,50,0.0,0.0,0.0
5,51,0.0,0.0,0.0
5,52,0.0,0.0,0.0
5,53,0.0,0.0,0.0
5,54,0.0,0.0,0.0
5,55,14928.0,2.0890008396305624,5.0
5,56,748.0,2.801498127340824,3.0
5,57,1902.0,1.8738916256157636,4.0
5,58,420.0,1.4685314685314685,3.0
5,59,748.0,1.7274826789838338,3.0
5,60,44.0,1.2571428571428571,2.0
5,61,0.0,0.0,0.0
5,62,1472.0,1.9241830065359478,4.0
5,63,969.0,1.425,3.0
5,64,671.0,1.5532407407407407,3.0
5,65,548.0,1.2833723653395785,3.0
5,66,504.0,1.44,3.0
5,67,2182.0,1.9040139616055847,4.0
5,68,0.0,0.0,0.0
5,69,119.0,1.202020202020202,2.0
5,70,442.0,1.83402489626556,3.0
5,71,1.0,1.0,1.0
5,72,870.0,2.037470725995316,3.0
5,73,528.0,2.0307692307692307,3.0
5,74,0.0,0.0,0.0
5,75,2932.0,2.372168284789644,4.0
5,76,0.0,0.0,0.0
5,77,2164.0,5.067915690866511,4.0
5,78,0.0,0.0,0.0
5,79,3.0,1.0,1.0
5,80,0.0,0.0,0.0
5,81,43.0,1.1944444444444444,2.0
5,82,204.0,1.5223880597014925,3.0
5,83,77.0,1.203125,2.0
6,0,0.0,0.0,0.0
6,1,0.0,0.0,0.0
6,2,675.0,1.3209393346379648,3.0
6,3,45.0,1.0975609756097562,2.0
6,4,422.0,2.1752577319587627,3.0
6,5,1163.0,3.1179624664879357,4.0
6,6,549.0,2.5416666666666665,3.0
6,7,0.0,0.0,0.0
6,8,0.0,0.0,0.0
6,9,1.0,1.0,1.0
6,10,0.0,0.0,0.0
6,11,309.0,1.537313432835821,3.0
6,12,0.0,0.0,0.0
6,13,43.0,1.303030303030303,2.0
6,14,70.0,1.1864406779661016,2.0
6,15,340.0,2.0238095238095237,3.0
6,16,0.0,0.0,0.0
6,17,0.0,0.0,0.0
6,18,3.0,3.0,1.0
6,19,5831.0,1.9456122789456123,5.0
6,20,0.0,0.0,0.0
6,21,2184.0,1.5953250547845141,4.0
6,22,991.0,1.9094412331406552,4.0
6,23,2864.0,1.6526255049047893,4.0
6,24,0.0,0.0,0.0
6,25,933.0,3.380434782608696,3.0
6,26,0.0,0.0,0.0
6,27,0.0,0.0,0.0
6,28,2497.0,1.7547434996486297,4.0
6,29,354.0,1.6465116279069767,3.0
6,30,13748.0,2.1881266910711443,5.0
6,31,0.0,0.0,0.0
6,32,0.0,0.0,0.0
6,33,1397.0,15.696629213483146,4.0
6,34,0.0,0.0,0.0
6,35,62.0,1.2916666666666667,2.0
6,36,0.0,0.0,0.0
6,37,7991.0,1.931126147897535,5.0
6,38,2281.0,1.8666121112929623,4.0
6,39,0.0,0.0,0.0
6,40,36552.0,2.2136627906976742,5.0
6,41,2302.0,1.6963890935887989,4.0
6,42,0.0,0.0,0.0
6,43,1350.0,1.480263157894737,4.0
6,44,0.0,0.0,0.0
6,45,120.0,1.1650485436893203,2.0
6,46,7.0,1.1666666666666667,1.0
6,47,0.0,0.0,0.0
6,48,0.0,0.0,0.0
6,49,781.0,1.5938775510204082,3.0
6,50,0.0,0.0,0.0
6,51,0.0,0.0,0.0
6,52,0.0,0.0,0.0
6,53,0.0,0.0,0.0
6,54,0.0,0.0,0.0
6,55,13191.0,1.8040207877461707,5.0
6,56,329.0,1.3373983739837398,3.0
6,57,2022.0,1.861878453038674,4.0
6,58,384.0,1.3617021276595744,3.0
6,59,1163.0,2.262645914396887,4.0
6,60,78.0,1.4444444444444444,2.0
6,61,0.0,0.0,0.0
6,62,1452.0,1.8615384615384616,4.0
6,63,1036.0,1.6470588235294117,4.0
6,64,606.0,1.5,3.0
6,65,740.0,1.5416666666666667,3.0
6,66,488.0,1.3942857142857144,3.0
6,67,1976.0,1.6170212765957446,4.0
6,68,0.0,0.0,0.0
6,69,225.0,1.5100671140939597,3.0
6,70,536.0,1.9705882352941178,3.0
6,71,0.0,0.0,0.0
6,72,825.0,1.900921658986175,3.0
6,73,403.0,1.5680933852140078,3.0
6,74,0.0,0.0,0.0
6,75,3390.0,2.7449392712550607,4.0
6,76,0.0,0.0,0.0
6,77,1877.0,4.045258620689655,4.0
6,78,0.0,0.0,0.0
6,79,1.0,1.0,1.0
6,80,0.0,0.0,0.0
6,81,43.0,1.2647058823529411,2.0
6,82,289.0,1.6514285714285715,3.0
6,83,79.0,1.253968253968254,2.0
7,0,0.0,0.0,0.0
7,1,0.0,0.0,0.0
7,2,1136.0,1.862295081967213,4.0
7,3,36.0,1.125,2.0
7,4,445.0,2.4450549450549453,3.0
7,5,741.0,2.205357142857143,3.0
7,6,380.0,1.735159817351598,3.0
7,7,0.0,0.0,0.0
7,8,0.0,0.0,0.0
7,9,2.0,2.0,1.0
7,10,0.0,0.0,0.0
7,11,273.0,1.4444444444444444,3.0
7,12,0.0,0.0,0.0
7,13,26.0,1.368421052631579,2.0
7,14,95.0,1.3571428571428572,2.0
7,15,275.0,1.6176470588235294,3.0
7,16,0.0,0.0,0.0
7,17,0.0,0.0,0.0
7,18,0.0,0.0,0.0
7,19,6668.0,2.1565329883570503,5.0
7,20,0.0,0.0,0.0
7,21,2481.0,1.8043636363636364,4.0
7,22,903.0,1.618279569892473,3.0
7,23,3727.0,2.1407237219988513,4.0
7,24,0.0,0.0,0.0
7,25,955.0,3.3159722222222223,3.0
7,26,0.0,0.0,0.0
7,27,0.0,0.0,0.0
7,28,3126.0,2.1875437368789363,4.0
7,29,317.0,1.6510416666666667,3.0
7,30,12582.0,2.0690675875678344,5.0
7,31,0.0,0.0,0.0
7,32,0.0,0.0,0.0
7,33,773.0,8.988372093023257,3.0
7,34,0.0,0.0,0.0
7,35,64.0,1.2075471698113207,2.0
7,36,0.0,0.0,0.0
7,37,9765.0,2.2325102880658436,5.0
7,38,1921.0,1.7,4.0
7,39,0.0,0.0,0.0
7,40,41972.0,2.4881142924891813,5.0
7,41,2102.0,1.6978998384491115,4.0
7,42,0.0,0.0,0.0
7,43,1191.0,1.4577723378212974,4.0
7,44,0.0,0.0,0.0
7,45,106.0,1.1777777777777778,2.0
7,46,8.0,1.1428571428571428,1.0
7,47,0.0,0.0,0.0
7,48,0.0,0.0,0.0
7,49,859.0,1.7423935091277891,3.0
7,50,0.0,0.0,0.0
7,51,0.0,0.0,0.0
7,52,0.0,0.0,0.0
7,53,0.0,0.0,0.0
7,54,0.0,0.0,0.0
7,55,14820.0,2.0747585048299033,5.0
7,56,387.0,1.72,3.0
7,57,1922.0,1.8696498054474708,4.0
7,58,470.0,1.6906474820143884,3.0
7,59,1115.0,2.169260700389105,4.0
7,60,93.0,1.603448275862069,2.0
7,61,0.0,0.0,0.0
7,62,1518.0,1.907035175879397,4.0
7,63,1024.0,1.620253164556962,3.0
7,64,622.0,1.5707070707070707,3.0
7,65,787.0,1.4710280373831777,3.0
7,66,494.0,1.5060975609756098,3.0
7,67,1802.0,1.542808219178082,4.0
7,68,0.0,0.0,0.0
7,69,181.0,1.3923076923076922,2.0
7,70,1620.0,5.259740259740259,4.0
7,71,0.0,0.0,0.0
7,72,995.0,2.081589958158996,3.0
7,73,522.0,1.9477611940298507,3.0
7,74,0.0,0.0,0.0
7,75,2811.0,2.4108061749571186,4.0
7,76,0.0,0.0,0.0
7,77,675.0,1.829268292682927,3.0
7,78,0.0,0.0,0.0
7,79,1.0,1.0,1.0
7,80,0.0,0.0,0.0
7,81,39.0,1.21875,2.0
7,82,433.0,1.8583690987124464,3.0
7,83,79.0,1.234375,2.0
8,0,0.0,0.0,0.0
8,1,0.0,0.0,0.0
8,2,961.0,1.8235294117647058,3.0
8,3,29.0,1.16,1.0
8,4,383.0,2.2011494252873565,2.0
8,5,1001.0,2.935483870967742,3.0
8,6,313.0,1.7197802197802199,2.0
8,7,0.0,0.0,0.0
8,8,0.0,0.0,0.0
8,9,1.0,1.0,1.0
8,10,0.0,0.0,0.0
8,11,1163.0,3.969283276450512,3.0
8,12,0.0,0.0,0.0
8,13,28.0,1.5555555555555556,1.0
8,14,78.0,1.3,1.0
8,15,263.0,1.8013698630136987,2.0
8,16,0.0,0.0,0.0
8,17,0.0,0.0,0.0
8,18,0.0,0.0,0.0
8,19,8307.0,2.832253665189226,4.0
8,20,0.0,0.0,0.0
8,21,2384.0,1.9194847020933978,3.0
8,22,691.0,1.5633484162895928,2.0
8,23,2805.0,1.8026992287917738,3.0
8,24,0.0,0.0,0.0
8,25,1032.0,4.3544303797468356,3.0
8,26,0.0,0.0,0.0
8,27,0.0,0.0,0.0
8,28,3588.0,2.6094545454545455,3.0
8,29,233.0,1.4036144578313252,2.0
8,30,12927.0,2.358511220580186,4.0
8,31,0.0,0.0,0.0
8,32,0.0,0.0,0.0
8,33,417.0,5.346153846153846,2.0
8,34,0.0,0.0,0.0
8,35,118.0,2.36,1.0
8,36,0.0,0.0,0.0
8,37,7348.0,1.9341932087391418,4.0
8,38,1752.0,1.7380952380952381,3.0
8,39,0.0,0.0,0.0
8,40,51069.0,3.4513076975062513,5.0
8,41,2234.0,2.0439158279963405,3.0
8,42,0.0,0.0,0.0
8,43,1086.0,1.5252808988764044,3.0
8,44,0.0,0.0,0.0
8,45,71.0,1.0441176470588236,1.0
8,46,10.0,1.4285714285714286,1.0
8,47,0.0,0.0,0.0
8,48,0.0,0.0,0.0
8,49,579.0,1.4884318766066837,2.0
8,50,0.0,0.0,0.0
8,51,0.0,0.0,0.0
8,52,0.0,0.0,0.0
8,53,0.0,0.0,0.0
8,54,0.0,0.0,0.0
8,55,14418.0,2.224313483492749,4.0
8,56,309.0,1.8284023668639053,2.0
8,57,2405.0,2.5342465753424657,3.0
8,58,381.0,1.54251012145749,2.0
8,59,873.0,1.94,2.0
8,60,109.0,1.8166666666666667,1.0
8,61,0.0,0.0,0.0
8,62,4933.0,6.439947780678851,4.0
8,63,663.0,1.3957894736842105,2.0
8,64,455.0,1.4,2.0
8,65,624.0,1.4214123006833712,2.0
8,66,361.0,1.3470149253731343,2.0
8,67,1510.0,1.492094861660079,3.0
8,68,0.0,0.0,0.0
8,69,128.0,1.292929292929293,1.0
8,70,1138.0,4.093525179856115,3.0
8,71,0.0,0.0,0.0
8,72,705.0,1.6132723112128147,2.0
8,73,341.0,1.5429864253393666,2.0
8,74,0.0,0.0,0.0
8,75,2309.0,2.1907020872865277,3.0
8,76,0.0,0.0,0.0
8,77,397.0,1.6541666666666666,2.0
8,78,0.0,0.0,0.0
8,79,30.0,1.5,1.0
8,80,0.0,0.0,0.0
8,81,35.0,1.25,1.0
8,82,327.0,1.5797101449275361,2.0
8,83,42.0,1.2,1.0
9,0,0.0,0.0,0.0
9,1,0.0,0.0,0.0
9,2,769.0,1.5921325051759834,3.0
9,3,28.0,1.1666666666666667,1.0
9,4,250.0,1.8796992481203008,2.0
9,5,928.0,2.3553299492385786,3.0
9,6,304.0,1.6612021857923498,2.0
9,7,0.0,0.0,0.0
9,8,0.0,0.0,0.0
9,9,5.0,1.6666666666666667,1.0
9,10,0.0,0.0,0.0
9,11,787.0,2.5387096774193547,3.0
9,12,0.0,0.0,0.0
9,13,23.0,1.2777777777777777,1.0
9,14,65.0,1.2037037037037037,1.0
9,15,331.0,2.0817610062893084,2.0
9,16,0.0,0.0,0.0
9,17,0.0,0.0,0.0
9,18,0.0,0.0,0.0
9,19,6471.0,2.3193548387096774,4.0
9,20,0.0,0.0,0.0
9,21,1918.0,1.814569536423841,3.0
9,22,561.0,1.3783783783783783,2.0
9,23,2599.0,1.7911784975878704,3.0
9,24,0.0,0.0,0.0
9,25,1007.0,5.060301507537688,3.0
9,26,0.0,0.0,0.0
9,27,0.0,0.0,0.0
9,28,3205.0,2.2666195190947667,4.0
9,29,234.0,1.4355828220858895,2.0
9,30,10482.0,2.016932845872619,4.0
9,31,0.0,0.0,0.0
9,32,0.0,0.0,0.0
9,33,337.0,3.7865168539325844,2.0
9,34,0.0,0.0,0.0
9,35,330.0,3.6263736263736264,2.0
9,36,0.0,0.0,0.0
9,37,9023.0,2.3088536335721597,4.0
9,38,1496.0,1.6296296296296295,3.0
9,39,0.0,0.0,0.0
9,40,48435.0,3.263814016172507,5.0
9,41,4452.0,3.6195121951219513,4.0
9,42,0.0,0.0,0.0
9,43,1617.0,1.9938347718865599,3.0
9,44,0.0,0.0,0.0
9,45,62.0,1.1272727272727272,1.0
9,46,11.0,1.0,1.0
9,47,0.0,0.0,0.0
9,48,0.0,0.0,0.0
9,49,642.0,1.6503856041131106,2.0
9,50,0.0,0.0,0.0
9,51,0.0,0.0,0.0
9,52,0.0,0.0,0.0
9,53,0.0,0.0,0.0
9,54,0.0,0.0,0.0
9,55,11923.0,1.882975363234365,4.0
9,56,343.0,1.75,2.0
9,57,1922.0,2.17420814479638,3.0
9,58,1698.0,5.567213114754098,3.0
9,59,806.0,1.8744186046511628,3.0
9,60,197.0,2.736111111111111,2.0
9,61,0.0,0.0,0.0
9,62,4302.0,6.1194879089615934,4.0
9,63,626.0,1.3911111111111112,2.0
9,64,445.0,1.4262820512820513,2.0
9,65,568.0,1.3556085918854415,2.0
9,66,412.0,1.5968992248062015,2.0
9,67,2205.0,1.9775784753363228,3.0
9,68,0.0,0.0,0.0
9,69,381.0,2.2023121387283235,2.0
9,70,1009.0,3.578014184397163,3.0
9,71,0.0,0.0,0.0
9,72,816.0,1.7973568281938326,3.0
9,73,263.0,1.461111111111111,2.0
9,74,0.0,0.0,0.0
9,75,2324.0,2.236766121270452,3.0
9,76,0.0,0.0,0.0
9,77,435.0,1.5425531914893618,2.0
9,78,0.0,0.0,0.0
9,79,102.0,3.4,1.0
9,80,0.0,0.0,0.0
9,81,37.0,1.2758620689655173,1.0
9,82,295.0,1.7664670658682635,2.0
9,83,94.0,1.2876712328767124,1.0
10,0,0.0,0.0,0.0
10,1,0.0,0.0,0.0
10,2,615.0,1.4855072463768115,3.0
10,3,27.0,1.173913043478261,1.0
10,4,271.0,1.9781021897810218,2.0
10,5,805.0,1.9258373205741626,3.0
10,6,375.0,1.8656716417910448,2.0
10,7,0.0,0.0,0.0
10,8,0.0,0.0,0.0
10,9,1.0,1.0,1.0
10,10,0.0,0.0,0.0
10,11,570.0,1.9063545150501673,3.0
10,12,0.0,0.0,0.0
10,13,21.0,1.5,1.0
10,14,66.0,1.2,1.0
10,15,365.0,2.062146892655367,2.0
10,16,0.0,0.0,0.0
10,17,0.0,0.0,0.0
10,18,0.0,0.0,0.0
10,19,5094.0,1.9361459521094642,4.0
10,20,0.0,0.0,0.0
10,21,1736.0,1.6103896103896105,4.0
10,22,2432.0,5.109243697478991,4.0
10,23,2121.0,1.6806656101426307,4.0
10,24,0.0,0.0,0.0
10,25,1059.0,4.706666666666667,3.0
10,26,0.0,0.0,0.0
10,27,0.0,0.0,0.0
10,28,2625.0,2.031733746130031,4.0
10,29,240.0,1.5384615384615385,2.0
10,30,11043.0,2.145104895104895,5.0
10,31,0.0,0.0,0.0
10,32,0.0,0.0,0.0
10,33,1235.0,11.026785714285714,3.0
10,34,0.0,0.0,0.0
10,35,224.0,2.604651162790698,2.0
10,36,0.0,0.0,0.0
10,37,9787.0,2.5967100026532237,5.0
10,38,3331.0,3.3920570264765786,4.0
10,39,0.0,0.0,0.0
10,40,48127.0,3.160428158655109,5.0
10,41,2796.0,2.251207729468599,4.0
10,42,0.0,0.0,0.0
10,43,1570.0,1.8870192307692308,4.0
10,44,0.0,0.0,0.0
10,45,119.0,1.3837209302325582,2.0
10,46,6.0,1.0,1.0
10,47,0.0,0.0,0.0
10,48,0.0,0.0,0.0
10,49,870.0,2.4233983286908076,3.0
10,50,0.0,0.0,0.0
10,51,0.0,0.0,0.0
10,52,0.0,0.0,0.0
10,53,0.0,0.0,0.0
10,54,0.0,0.0,0.0
10,55,13497.0,2.116844416562108,5.0
10,56,305.0,1.9934640522875817,2.0
10,57,2115.0,2.0899209486166006,4.0
10,58,984.0,3.381443298969072,3.0
10,59,781.0,1.7709750566893423,3.0
10,60,108.0,1.8620689655172413,2.0
10,61,0.0,0.0,0.0
10,62,2381.0,3.0762273901808785,4.0
10,63,567.0,1.4104477611940298,3.0
10,64,405.0,1.354515050167224,2.0
10,65,639.0,1.3801295896328294,3.0
10,66,465.0,1.6373239436619718,3.0
10,67,2152.0,1.7285140562248995,4.0
10,68,0.0,0.0,0.0
10,69,371.0,1.962962962962963,2.0
10,70,412.0,1.7024793388429753,2.0
10,71,0.0,0.0,0.0
10,72,3535.0,6.772030651340996,4.0
10,73,707.0,3.213636363636364,3.0
10,74,0.0,0.0,0.0
10,75,2065.0,1.9102682701202591,4.0
10,76,0.0,0.0,0.0
10,77,591.0,1.937704918032787,3.0
10,78,0.0,0.0,0.0
10,79,33.0,1.8333333333333333,1.0
10,80,0.0,0.0,0.0
10,81,36.0,1.2857142857142858,1.0
10,82,230.0,1.5231788079470199,2.0
10,83,154.0,1.8333333333333333,2.0
11,0,0.0,0.0,0.0
11,1,0.0,0.0,0.0
11,2,1003.0,1.5623052959501558,2.0
11,3,45.0,1.125,1.0
11,4,422.0,2.281081081081081,2.0
11,5,982.0,2.107296137339056,2.0
11,6,454.0,1.883817427385892,2.0
11,7,0.0,0.0,0.0
11,8,0.0,0.0,0.0
11,9,2.0,1.0,1.0
11,10,0.0,0.0,0.0
11,11,794.0,2.308139534883721,2.0
11,12,0.0,0.0,0.0
11,13,24.0,1.2,1.0
11,14,157.0,1.5544554455445545,2.0
11,15,732.0,3.3577981651376145,2.0
11,16,0.0,0.0,0.0
11,17,0.0,0.0,0.0
11,18,0.0,0.0,0.0
11,19,9008.0,2.597462514417532,4.0
11,20,0.0,0.0,0.0
11,21,2803.0,2.043002915451895,3.0
11,22,3469.0,5.4203125,3.0
11,23,3616.0,2.1875378100423473,3.0
11,24,0.0,0.0,0.0
11,25,1730.0,6.134751773049645,3.0
11,26,0.0,0.0,0.0
11,27,0.0,0.0,0.0
11,28,3904.0,2.31416716064019,3.0
11,29,367.0,1.835,2.0
11,30,17019.0,2.418845935190449,4.0
11,31,0.0,0.0,0.0
11,32,0.0,0.0,0.0
11,33,1501.0,9.440251572327044,3.0
11,34,0.0,0.0,0.0
11,35,626.0,4.408450704225352,2.0
11,36,0.0,0.0,0.0
11,37,12321.0,2.816872427983539,4.0
11,38,3851.0,2.955487336914812,3.0
11,39,0.0,0.0,0.0
11,40,66146.0,3.37600163323636,5.0
11,41,3272.0,2.1915606162089754,3.0
11,42,0.0,0.0,0.0
11,43,2135.0,2.021780303030303,3.0
11,44,0.0,0.0,0.0
11,45,249.0,2.110169491525424,2.0
11,46,11.0,1.2222222222222223,1.0
11,47,0.0,0.0,0.0
11,48,0.0,0.0,0.0
11,49,964.0,2.0380549682875264,2.0
11,50,0.0,0.0,0.0
11,51,0.0,0.0,0.0
11,52,0.0,0.0,0.0
11,53,0.0,0.0,0.0
11,54,0.0,0.0,0.0
11,55,17099.0,2.1016470009832844,4.0
11,56,618.0,2.710526315789474,2.0
11,57,3561.0,2.6614349775784754,3.0
11,58,670.0,1.8206521739130435,2.0
11,59,2100.0,3.511705685618729,3.0
11,60,121.0,1.6575342465753424,1.0
11,61,0.0,0.0,0.0
11,62,3828.0,3.7201166180758016,3.0
11,63,897.0,1.7053231939163498,2.0
11,64,732.0,1.605263157894737,2.0
11,65,768.0,1.5578093306288032,2.0
11,66,2431.0,5.0227272727272725,3.0
11,67,2314.0,1.735933983495874,3.0
11,68,0.0,0.0,0.0
11,69,674.0,2.7851239669421486,2.0
11,70,781.0,2.2769679300291545,2.0
11,71,0.0,0.0,0.0
11,72,2173.0,3.432859399684044,3.0
11,73,700.0,1.9607843137254901,2.0
11,74,0.0,0.0,0.0
11,75,3641.0,2.7667173252279635,3.0
11,76,0.0,0.0,0.0
11,77,2004.0,3.9064327485380117,3.0
11,78,0.0,0.0,0.0
11,79,27.0,1.35,1.0
11,80,0.0,0.0,0.0
11,81,43.0,1.2285714285714286,1.0
11,82,383.0,2.0372340425531914,2.0
11,83,188.0,1.504,2.0
12,0,0.0,0.0,0.0
12,1,0.0,0.0,0.0
12,2,792.0,1.543859649122807,3.0
12,3,37.0,1.0571428571428572,2.0
12,4,251.0,1.6193548387096774,2.0
12,5,707.0,1.7543424317617866,3.0
12,6,284.0,1.6045197740112995,2.0
12,7,0.0,0.0,0.0
12,8,0.0,0.0,0.0
12,9,2.0,1.0,1.0
12,10,0.0,0.0,0.0
12,11,518.0,2.047430830039526,3.0
12,12,0.0,0.0,0.0
12,13,4.0,1.0,1.0
12,14,116.0,1.45,2.0
12,15,486.0,2.4545454545454546,3.0
12,16,0.0,0.0,0.0
12,17,0.0,0.0,0.0
12,18,0.0,0.0,0.0
12,19,6392.0,2.2763532763532766,5.0
12,20,0.0,0.0,0.0
12,21,1788.0,1.6433823529411764,4.0
12,22,1149.0,2.1199261992619927,4.0
12,23,2549.0,1.8979895755770664,4.0
12,24,0.0,0.0,0.0
12,25,1401.0,5.741803278688525,4.0
12,26,0.0,0.0,0.0
12,27,0.0,0.0,0.0
12,28,2891.0,2.0431095406360424,4.0
12,29,204.0,1.3076923076923077,2.0
12,30,12061.0,2.089932420724311,5.0
12,31,0.0,0.0,0.0
12,32,0.0,0.0,0.0
12,33,615.0,4.62406015037594,3.0
12,34,0.0,0.0,0.0
12,35,487.0,4.969387755102041,3.0
12,36,0.0,0.0,0.0
12,37,7725.0,2.241729541497388,5.0
12,38,1802.0,1.7736220472440944,4.0
12,39,0.0,0.0,0.0
12,40,40655.0,2.5664415125307745,5.0
12,41,2040.0,1.7571059431524547,4.0
12,42,0.0,0.0,0.0
12,43,1444.0,1.7717791411042945,4.0
12,44,0.0,0.0,0.0
12,45,127.0,1.548780487804878,2.0
12,46,6.0,1.0,1.0
12,47,0.0,0.0,0.0
12,48,0.0,0.0,0.0
12,49,773.0,2.106267029972752,3.0
12,50,0.0,0.0,0.0
12,51,0.0,0.0,0.0
12,52,0.0,0.0,0.0
12,53,0.0,0.0,0.0
12,54,0.0,0.0,0.0
12,55,11837.0,1.8230401971353765,5.0
12,56,389.0,2.3433734939759034,3.0
12,57,1928.0,1.9876288659793815,4.0
12,58,532.0,1.6888888888888889,3.0
12,59,1320.0,2.5335892514395395,4.0
12,60,166.0,1.8444444444444446,2.0
12,61,0.0,0.0,0.0
12,62,2077.0,2.59625,4.0
12,63,610.0,1.4523809523809523,3.0
12,64,743.0,1.7119815668202765,3.0
12,65,647.0,1.6134663341645885,3.0
12,66,1069.0,2.798429319371728,4.0
12,67,1600.0,1.5841584158415842,4.0
12,68,0.0,0.0,0.0
12,69,421.0,1.9400921658986174,3.0
12,70,727.0,2.223241590214067,3.0
12,71,0.0,0.0,0.0
12,72,1383.0,2.542279411764706,4.0
12,73,429.0,1.825531914893617,3.0
12,74,0.0,0.0,0.0
12,75,2284.0,2.3094034378159756,4.0
12,76,0.0,0.0,0.0
12,77,1056.0,2.556900726392252,4.0
12,78,0.0,0.0,0.0
12,79,25.0,1.3157894736842106,1.0
12,80,0.0,0.0,0.0
12,81,51.0,1.2439024390243902,2.0
12,82,189.0,1.6153846153846154,2.0
12,83,163.0,1.4954128440366972,2.0
13,0,0.0,0.0,0.0
13,1,0.0,0.0,0.0
13,2,888.0,1.9516483516483516,3.0
13,3,23.0,1.2777777777777777,1.0
13,4,226.0,1.5374149659863945,2.0
13,5,589.0,1.6828571428571428,3.0
13,6,229.0,1.5684931506849316,2.0
13,7,0.0,0.0,0.0
13,8,0.0,0.0,0.0
13,9,0.0,0.0,0.0
13,10,0.0,0.0,0.0
13,11,756.0,2.8104089219330857,3.0
13,12,0.0,0.0,0.0
13,13,5.0,1.0,1.0
13,14,113.0,1.4675324675324675,2.0
13,15,370.0,2.418300653594771,3.0
13,16,0.0,0.0,0.0
13,17,0.0,0.0,0.0
13,18,1.0,1.0,1.0
13,19,5483.0,2.2769933554817277,5.0
13,20,0.0,0.0,0.0
13,21,1935.0,1.9082840236686391,4.0
13,22,2304.0,4.114285714285714,4.0
13,23,2362.0,1.932896890343699,4.0
13,24,0.0,0.0,0.0
13,25,1165.0,4.073426573426573,4.0
13,26,0.0,0.0,0.0
13,27,0.0,0.0,0.0
13,28,3091.0,2.4017094017094016,4.0
13,29,139.0,1.219298245614035,2.0
13,30,11330.0,2.143397654180855,5.0
13,31,0.0,0.0,0.0
13,32,0.0,0.0,0.0
13,33,712.0,5.435114503816794,3.0
13,34,0.0,0.0,0.0
13,35,170.0,1.9318181818181819,2.0
13,36,0.0,0.0,0.0
13,37,7206.0,2.2667505504875747,5.0
13,38,1301.0,1.661558109833972,4.0
13,39,0.0,0.0,0.0
13,40,38504.0,2.7096410978184378,5.0
13,41,1964.0,1.9503475670307846,4.0
13,42,0.0,0.0,0.0
13,43,1081.0,1.507670850767085,4.0
13,44,0.0,0.0,0.0
13,45,81.0,1.35,2.0
13,46,4.0,1.0,1.0
13,47,0.0,0.0,0.0
13,48,0.0,0.0,0.0
13,49,932.0,2.6033519553072626,3.0
13,50,0.0,0.0,0.0
13,51,0.0,0.0,0.0
13,52,0.0,0.0,0.0
13,53,0.0,0.0,0.0
13,54,0.0,0.0,0.0
13,55,11365.0,1.9724054147865324,5.0
13,56,314.0,2.1073825503355703,3.0
13,57,1563.0,1.9084249084249085,4.0
13,58,640.0,2.0,3.0
13,59,828.0,2.07,3.0
13,60,102.0,1.4782608695652173,2.0
13,61,8.0,1.6,1.0
13,62,1752.0,2.584070796460177,4.0
13,63,495.0,1.3235294117647058,3.0
13,64,777.0,2.319402985074627,3.0
13,65,667.0,1.9970059880239521,3.0
13,66,689.0,1.962962962962963,3.0
13,67,1313.0,1.557532621589561,4.0
13,68,0.0,0.0,0.0
13,69,392.0,1.84037558685446,3.0
13,70,746.0,2.5033557046979866,3.0
13,71,0.0,0.0,0.0
13,72,1153.0,2.08499095840868,4.0
13,73,420.0,1.9444444444444444,3.0
13,74,0.0,0.0,0.0
13,75,1896.0,2.191907514450867,4.0
13,76,0.0,0.0,0.0
13,77,1287.0,3.0497630331753554,4.0
13,78,0.0,0.0,0.0
13,79,16.0,1.2307692307692308,1.0
13,80,0.0,0.0,0.0
13,81,158.0,2.5901639344262297,2.0
13,82,104.0,1.223529411764706,2.0
13,83,91.0,1.3,2.0
14,0,0.0,0.0,0.0
14,1,0.0,0.0,0.0
14,2,1460.0,2.7599243856332705,4.0
14,3,24.0,1.0909090909090908,2.0
14,4,173.0,1.4416666666666667,2.0
14,5,1033.0,2.635204081632653,4.0
14,6,230.0,1.4110429447852761,3.0
14,7,0.0,0.0,0.0
14,8,0.0,0.0,0.0
14,9,2.0,2.0,1.0
14,10,0.0,0.0,0.0
14,11,527.0,1.7055016181229774,3.0
14,12,0.0,0.0,0.0
14,13,4.0,1.0,1.0
14,14,74.0,1.2758620689655173,2.0
14,15,314.0,2.0933333333333333,3.0
14,16,0.0,0.0,0.0
14,17,0.0,0.0,0.0
14,18,0.0,0.0,0.0
14,19,5026.0,1.9976152623211447,5.0
14,20,0.0,0.0,0.0
14,21,2030.0,1.9747081712062258,4.0
14,22,1822.0,3.1853146853146854,4.0
14,23,3345.0,2.5890092879256965,4.0
14,24,0.0,0.0,0.0
14,25,1245.0,3.9150943396226414,4.0
14,26,0.0,0.0,0.0
14,27,0.0,0.0,0.0
14,28,2390.0,1.7703703703703704,4.0
14,29,346.0,2.1761006289308176,3.0
14,30,10408.0,1.9295513533555804,5.0
14,31,0.0,0.0,0.0
14,32,0.0,0.0,0.0
14,33,481.0,4.182608695652174,3.0
14,34,0.0,0.0,0.0
14,35,139.0,1.7375,2.0
14,36,0.0,0.0,0.0
14,37,7278.0,2.182963407318536,5.0
14,38,1727.0,1.8731019522776573,4.0
14,39,0.0,0.0,0.0
14,40,40800.0,2.846776444320402,5.0
14,41,1699.0,1.8794247787610618,4.0
14,42,0.0,0.0,0.0
14,43,1036.0,1.6602564102564104,4.0
14,44,0.0,0.0,0.0
14,45,298.0,2.0985915492957745,3.0
14,46,4.0,1.0,1.0
14,47,0.0,0.0,0.0
14,48,0.0,0.0,0.0
14,49,1556.0,3.4732142857142856,4.0
14,50,0.0,0.0,0.0
14,51,0.0,0.0,0.0
14,52,0.0,0.0,0.0
14,53,0.0,0.0,0.0
14,54,0.0,0.0,0.0
14,55,10666.0,1.8527010595796423,5.0
14,56,357.0,2.1377245508982035,3.0
14,57,2241.0,2.5067114093959733,4.0
14,58,1626.0,4.095717884130982,4.0
14,59,735.0,1.96524064171123,3.0
14,60,78.0,1.3,2.0
14,61,29.0,1.5263157894736843,2.0
14,62,1863.0,2.5278154681139755,4.0
14,63,480.0,1.2532637075718016,3.0
14,64,506.0,1.5149700598802396,3.0
14,65,780.0,1.9548872180451127,3.0
14,66,828.0,2.1015228426395938,3.0
14,67,1676.0,1.7422037422037422,4.0
14,68,0.0,0.0,0.0
14,69,327.0,1.626865671641791,3.0
14,70,776.0,2.3803680981595092,3.0
14,71,0.0,0.0,0.0
14,72,1128.0,1.8401305057096249,4.0
14,73,2647.0,7.739766081871345,4.0
14,74,0.0,0.0,0.0
14,75,1920.0,2.0425531914893615,4.0
14,76,0.0,0.0,0.0
14,77,918.0,2.272277227722772,4.0
14,78,0.0,0.0,0.0
14,79,15.0,1.25,1.0
14,80,0.0,0.0,0.0
14,81,98.0,1.5806451612903225,2.0
14,82,85.0,1.2878787878787878,2.0
14,83,80.0,1.1267605633802817,2.0
15,0,0.0,0.0,0.0
15,1,0.0,0.0,0.0
15,2,652.0,1.5377358490566038,3.0
15,3,18.0,1.125,1.0
15,4,168.0,1.6310679611650485,2.0
15,5,891.0,2.357142857142857,4.0
15,6,209.0,1.3841059602649006,3.0
15,7,0.0,0.0,0.0
15,8,0.0,0.0,0.0
15,9,0.0,0.0,0.0
15,10,0.0,0.0,0.0
15,11,360.0,1.5,3.0
15,12,0.0,0.0,0.0
15,13,3.0,1.0,1.0
15,14,40.0,1.1111111111111112,2.0
15,15,260.0,1.9696969696969697,3.0
15,16,0.0,0.0,0.0
15,17,0.0,0.0,0.0
15,18,0.0,0.0,0.0
15,19,6333.0,2.6354556803995006,5.0
15,20,0.0,0.0,0.0
15,21,1566.0,1.7714932126696832,4.0
15,22,1133.0,2.256972111553785,4.0
15,23,5731.0,5.022787028921998,5.0
15,24,0.0,0.0,0.0
15,25,991.0,3.393835616438356,4.0
15,26,0.0,0.0,0.0
15,27,0.0,0.0,0.0
15,28,1743.0,1.6490066225165563,4.0
15,29,275.0,1.6566265060240963,3.0
15,30,10214.0,2.1133871301469065,5.0
15,31,0.0,0.0,0.0
15,32,0.0,0.0,0.0
15,33,314.0,2.7304347826086954,3.0
15,34,0.0,0.0,0.0
15,35,82.0,1.4385964912280702,2.0
15,36,0.0,0.0,0.0
15,37,5711.0,1.7998739363378506,5.0
15,38,1798.0,2.1610576923076925,4.0
15,39,0.0,0.0,0.0
15,40,31516.0,2.353169566191294,5.0
15,41,1662.0,1.7643312101910829,4.0
15,42,0.0,0.0,0.0
15,43,913.0,1.519134775374376,4.0
15,44,0.0,0.0,0.0
15,45,435.0,3.372093023255814,3.0
15,46,3.0,1.5,1.0
15,47,0.0,0.0,0.0
15,48,0.0,0.0,0.0
15,49,960.0,2.10989010989011,4.0
15,50,0.0,0.0,0.0
15,51,0.0,0.0,0.0
15,52,0.0,0.0,0.0
15,53,0.0,0.0,0.0
15,54,0.0,0.0,0.0
15,55,9133.0,1.7876296731258563,5.0
15,56,231.0,1.7238805970149254,3.0
15,57,1401.0,1.7734177215189872,4.0
15,58,708.0,2.3137254901960786,3.0
15,59,536.0,1.7346278317152104,3.0
15,60,60.0,1.25,2.0
15,61,22.0,1.1,1.0
15,62,1468.0,2.2515337423312882,4.0
15,63,505.0,1.3502673796791445,3.0
15,64,399.0,1.3571428571428572,3.0
15,65,567.0,1.5407608695652173,3.0
15,66,469.0,1.75,3.0
15,67,1715.0,2.003504672897196,4.0
15,68,0.0,0.0,0.0
15,69,429.0,1.825531914893617,3.0
15,70,515.0,1.996124031007752,3.0
15,71,1.0,1.0,1.0
15,72,801.0,1.6652806652806653,4.0
15,73,1182.0,4.313868613138686,4.0
15,74,0.0,0.0,0.0
15,75,1652.0,1.8274336283185841,4.0
15,76,0.0,0.0,0.0
15,77,485.0,1.7321428571428572,3.0
15,78,0.0,0.0,0.0
15,79,12.0,1.3333333333333333,1.0
15,80,0.0,0.0,0.0
15,81,127.0,1.5119047619047619,2.0
15,82,108.0,1.3170731707317074,2.0
15,83,70.0,1.1666666666666667,2.0
16,0,0.0,0.0,0.0
16,1,0.0,0.0,0.0
16,2,514.0,1.4277777777777778,3.0
16,3,16.0,1.0666666666666667,1.0
16,4,160.0,1.5384615384615385,2.0
16,5,627.0,1.78125,3.0
16,6,199.0,1.3916083916083917,2.0
16,7,0.0,0.0,0.0
16,8,0.0,0.0,0.0
16,9,3.0,1.5,1.0
16,10,0.0,0.0,0.0
16,11,341.0,1.508849557522124,3.0
16,12,0.0,0.0,0.0
16,13,22.0,1.2941176470588236,1.0
16,14,40.0,1.0810810810810811,1.0
16,15,230.0,1.8699186991869918,2.0
16,16,0.0,0.0,0.0
16,17,0.0,0.0,0.0
16,18,0.0,0.0,0.0
16,19,4858.0,2.0725255972696246,4.0
16,20,0.0,0.0,0.0
16,21,1674.0,1.9375,4.0
16,22,1303.0,2.343525179856115,4.0
16,23,2710.0,2.4613987284287013,4.0
16,24,0.0,0.0,0.0
16,25,1303.0,4.176282051282051,4.0
16,26,0.0,0.0,0.0
16,27,0.0,0.0,0.0
16,28,1684.0,1.737874097007224,4.0
16,29,276.0,1.6626506024096386,3.0
16,30,9073.0,1.849368120668569,5.0
16,31,0.0,0.0,0.0
16,32,0.0,0.0,0.0
16,33,295.0,2.7830188679245285,3.0
16,34,0.0,0.0,0.0
16,35,113.0,1.547945205479452,2.0
16,36,0.0,0.0,0.0
16,37,6529.0,1.9501194743130228,5.0
16,38,1930.0,2.215843857634902,4.0
16,39,0.0,0.0,0.0
16,40,31978.0,2.3326282004522576,5.0
16,41,3896.0,4.066805845511483,4.0
16,42,0.0,0.0,0.0
16,43,1016.0,1.6765676567656767,4.0
16,44,0.0,0.0,0.0
16,45,221.0,1.782258064516129,2.0
16,46,1.0,1.0,1.0
16,47,0.0,0.0,0.0
16,48,0.0,0.0,0.0
16,49,1029.0,2.343963553530752,4.0
16,50,0.0,0.0,0.0
16,51,0.0,0.0,0.0
16,52,0.0,0.0,0.0
16,53,0.0,0.0,0.0
16,54,0.0,0.0,0.0
16,55,12733.0,2.2572238964722566,5.0
16,56,277.0,1.720496894409938,3.0
16,57,1197.0,1.6307901907356948,4.0
16,58,685.0,2.133956386292835,3.0
16,59,549.0,1.5959302325581395,3.0
16,60,65.0,1.3541666666666667,2.0
16,61,26.0,1.2380952380952381,1.0
16,62,1508.0,2.040595399188092,4.0
16,63,896.0,1.855072463768116,3.0
16,64,352.0,1.3486590038314177,3.0
16,65,490.0,1.320754716981132,3.0
16,66,418.0,1.6456692913385826,3.0
16,67,1650.0,1.966626936829559,4.0
16,68,0.0,0.0,0.0
16,69,344.0,1.4956521739130435,3.0
16,70,608.0,2.218978102189781,3.0
16,71,0.0,0.0,0.0
16,72,846.0,1.5637707948243993,3.0
16,73,734.0,3.0970464135021096,3.0
16,74,0.0,0.0,0.0
16,75,1537.0,1.8743902439024391,4.0
16,76,0.0,0.0,0.0
16,77,511.0,1.8056537102473498,3.0
16,78,0.0,0.0,0.0
16,79,13.0,1.3,1.0
16,80,0.0,0.0,0.0
16,81,95.0,1.3013698630136987,2.0
16,82,135.0,1.5,2.0
16,83,103.0,1.2875,2.0
17,0,0.0,0.0,0.0
17,1,0.0,0.0,0.0
17,2,500.0,1.3262599469496021,3.0
17,3,14.0,1.0,2.0
17,4,151.0,1.2905982905982907,3.0
17,5,873.0,2.4801136363636362,4.0
17,6,230.0,1.4110429447852761,3.0
17,7,0.0,0.0,0.0
17,8,0.0,0.0,0.0
17,9,1.0,1.0,1.0
17,10,0.0,0.0,0.0
17,11,343.0,1.5953488372093023,3.0
17,12,0.0,0.0,0.0
17,13,27.0,1.2272727272727273,2.0
17,14,38.0,1.1515151515151516,2.0
17,15,250.0,1.838235294117647,3.0
17,16,0.0,0.0,0.0
17,17,0.0,0.0,0.0
17,18,2.0,2.0,1.0
17,19,4831.0,2.0120783007080383,5.0
17,20,0.0,0.0,0.0
17,21,1653.0,1.8762769580022702,4.0
17,22,1461.0,2.5676625659050965,4.0
17,23,2774.0,2.424825174825175,4.0
17,24,0.0,0.0,0.0
17,25,1217.0,3.8634920634920635,4.0
17,26,0.0,0.0,0.0
17,27,0.0,0.0,0.0
17,28,1817.0,1.6824074074074074,4.0
17,29,277.0,1.7756410256410255,3.0
17,30,9616.0,1.9293739967897272,5.0
17,31,0.0,0.0,0.0
17,32,0.0,0.0,0.0
17,33,246.0,2.139130434782609,3.0
17,34,0.0,0.0,0.0
17,35,93.0,1.4761904761904763,2.0
17,36,0.0,0.0,0.0
17,37,5664.0,1.7606465651227852,5.0
17,38,2255.0,2.7366504854368934,4.0
17,39,0.0,0.0,0.0
17,40,33392.0,2.383270287631147,5.0
17,41,2328.0,2.4713375796178343,4.0
17,42,0.0,0.0,0.0
17,43,971.0,1.6626712328767124,4.0
17,44,0.0,0.0,0.0
17,45,403.0,1.8657407407407407,3.0
17,46,1.0,1.0,1.0
17,47,0.0,0.0,0.0
17,48,0.0,0.0,0.0
17,49,1151.0,2.252446183953033,4.0
17,50,0.0,0.0,0.0
17,51,0.0,0.0,0.0
17,52,0.0,0.0,0.0
17,53,0.0,0.0,0.0
17,54,0.0,0.0,0.0
17,55,11616.0,2.045070422535211,5.0
17,56,279.0,1.5942857142857143,3.0
17,57,1383.0,1.7776349614395888,4.0
17,58,520.0,1.863799283154122,3.0
17,59,507.0,1.5893416927899686,3.0
17,60,82.0,1.4137931034482758,2.0
17,61,18.0,1.0588235294117647,2.0
17,62,1346.0,1.9563953488372092,4.0
17,63,831.0,1.794816414686825,4.0
17,64,619.0,1.8871951219512195,3.0
17,65,671.0,1.491111111111111,3.0
17,66,400.0,1.6326530612244898,3.0
17,67,1286.0,1.609511889862328,4.0
17,68,0.0,0.0,0.0
17,69,359.0,1.4653061224489796,3.0
17,70,539.0,2.1646586345381524,3.0
17,71,0.0,0.0,0.0
17,72,1066.0,1.8767605633802817,4.0
17,73,663.0,2.706122448979592,3.0
17,74,0.0,0.0,0.0
17,75,1842.0,2.2938978829389787,4.0
17,76,0.0,0.0,0.0
17,77,593.0,1.7492625368731562,3.0
17,78,0.0,0.0,0.0
17,79,22.0,1.1578947368421053,2.0
17,80,0.0,0.0,0.0
17,81,81.0,1.2272727272727273,2.0
17,82,89.0,1.2191780821917808,2.0
17,83,62.0,1.2653061224489797,2.0
18,0,0.0,0.0,0.0
18,1,0.0,0.0,0.0
18,2,488.0,1.318918918918919,2.0
18,3,23.0,1.15,1.0
18,4,137.0,1.3564356435643565,2.0
18,5,476.0,1.5354838709677419,2.0
18,6,207.0,1.5220588235294117,2.0
18,7,0.0,0.0,0.0
18,8,0.0,0.0,0.0
18,9,2.0,1.0,1.0
18,10,0.0,0.0,0.0
18,11,335.0,1.475770925110132,2.0
18,12,0.0,0.0,0.0
18,13,17.0,1.1333333333333333,1.0
18,14,27.0,1.35,1.0
18,15,205.0,1.7083333333333333,2.0
18,16,0.0,0.0,0.0
18,17,0.0,0.0,0.0
18,18,0.0,0.0,0.0
18,19,4508.0,1.9297945205479452,4.0
18,20,0.0,0.0,0.0
18,21,1485.0,1.559873949579832,3.0
18,22,1763.0,3.142602495543672,3.0
18,23,2139.0,2.002808988764045,3.0
18,24,0.0,0.0,0.0
18,25,1745.0,3.93018018018018,3.0
18,26,0.0,0.0,0.0
18,27,0.0,0.0,0.0
18,28,1614.0,1.635258358662614,3.0
18,29,228.0,1.5944055944055944,2.0
18,30,8024.0,1.6786610878661088,4.0
18,31,0.0,0.0,0.0
18,32,0.0,0.0,0.0
18,33,497.0,3.9444444444444446,2.0
18,34,0.0,0.0,0.0
18,35,72.0,1.263157894736842,1.0
18,36,0.0,0.0,0.0
18,37,5357.0,1.75237160614982,4.0
18,38,1868.0,2.3887468030690537,3.0
18,39,0.0,0.0,0.0
18,40,31815.0,2.286874640598045,5.0
18,41,1560.0,1.8682634730538923,3.0
18,42,0.0,0.0,0.0
18,43,778.0,1.4094202898550725,2.0
18,44,0.0,0.0,0.0
18,45,360.0,1.6666666666666667,2.0
18,46,0.0,0.0,0.0
18,47,0.0,0.0,0.0
18,48,0.0,0.0,0.0
18,49,760.0,1.8138424821002386,2.0
18,50,0.0,0.0,0.0
18,51,0.0,0.0,0.0
18,52,0.0,0.0,0.0
18,53,0.0,0.0,0.0
18,54,0.0,0.0,0.0
18,55,9675.0,1.7048458149779735,4.0
18,56,369.0,1.9945945945945946,2.0
18,57,1334.0,1.7168597168597168,3.0
18,58,2283.0,8.182795698924732,3.0
18,59,473.0,1.587248322147651,2.0
18,60,53.0,1.325,1.0
18,61,18.0,1.2,1.0
18,62,1596.0,2.222841225626741,3.0
18,63,582.0,1.416058394160584,2.0
18,64,621.0,1.5486284289276808,2.0
18,65,769.0,1.55668016194332,2.0
18,66,378.0,1.588235294117647,2.0
18,67,1136.0,1.6067892503536068,3.0
18,68,0.0,0.0,0.0
18,69,550.0,1.8900343642611683,2.0
18,70,476.0,1.9669421487603307,2.0
18,71,0.0,0.0,0.0
18,72,882.0,1.7059961315280465,3.0
18,73,714.0,2.654275092936803,2.0
18,74,0.0,0.0,0.0
18,75,2067.0,2.1134969325153374,3.0
18,76,0.0,0.0,0.0
18,77,516.0,1.6074766355140186,2.0
18,78,0.0,0.0,0.0
18,79,17.0,1.1333333333333333,1.0
18,80,0.0,0.0,0.0
18,81,74.0,1.2131147540983607,1.0
18,82,175.0,1.4583333333333333,2.0
18,83,58.0,1.1153846153846154,1.0
19,0,0.0,0.0,0.0
19,1,0.0,0.0,0.0
19,2,667.0,1.7692307692307692,3.0
19,3,22.0,1.1578947368421053,1.0
19,4,122.0,1.4352941176470588,2.0
19,5,484.0,1.4801223241590213,3.0
19,6,385.0,2.4367088607594938,3.0
19,7,0.0,0.0,0.0
19,8,0.0,0.0,0.0
19,9,1.0,1.0,1.0
19,10,0.0,0.0,0.0
19,11,346.0,1.7743589743589743,3.0
19,12,0.0,0.0,0.0
19,13,10.0,1.25,1.0
19,14,25.0,1.1904761904761905,1.0
19,15,252.0,1.9384615384615385,3.0
19,16,0.0,0.0,0.0
19,17,0.0,0.0,0.0
19,18,1.0,1.0,1.0
19,19,6482.0,2.6896265560165977,5.0
19,20,0.0,0.0,0.0
19,21,2049.0,1.9607655502392345,4.0
19,22,1601.0,2.8386524822695036,4.0
19,23,2242.0,2.012567324955117,4.0
19,24,0.0,0.0,0.0
19,25,1676.0,3.9342723004694835,4.0
19,26,0.0,0.0,0.0
19,27,0.0,0.0,0.0
19,28,2204.0,2.0930674264007596,4.0
19,29,196.0,1.568,2.0
19,30,9841.0,2.0867260390161153,5.0
19,31,0.0,0.0,0.0
19,32,0.0,0.0,0.0
19,33,591.0,4.766129032258065,3.0
19,34,0.0,0.0,0.0
19,35,91.0,1.5423728813559323,2.0
19,36,0.0,0.0,0.0
19,37,6456.0,1.9938233477455218,5.0
19,38,2345.0,2.683066361556064,4.0
19,39,0.0,0.0,0.0
19,40,33807.0,2.382284546543584,5.0
19,41,1649.0,1.7339642481598319,4.0
19,42,0.0,0.0,0.0
19,43,942.0,1.6297577854671281,3.0
19,44,0.0,0.0,0.0
19,45,314.0,1.57,3.0
19,46,0.0,0.0,0.0
19,47,0.0,0.0,0.0
19,48,0.0,0.0,0.0
19,49,825.0,1.900921658986175,3.0
19,50,0.0,0.0,0.0
19,51,0.0,0.0,0.0
19,52,0.0,0.0,0.0
19,53,0.0,0.0,0.0
19,54,0.0,0.0,0.0
19,55,10756.0,1.872236727589208,5.0
19,56,365.0,1.9210526315789473,3.0
19,57,1424.0,1.8541666666666667,4.0
19,58,2359.0,7.969594594594595,4.0
19,59,531.0,1.8310344827586207,3.0
19,60,65.0,1.3541666666666667,2.0
19,61,21.0,1.1666666666666667,1.0
19,62,1506.0,2.13314447592068,4.0
19,63,597.0,1.4316546762589928,3.0
19,64,751.0,1.882205513784461,3.0
19,65,894.0,1.9061833688699361,3.0
19,66,352.0,1.5855855855855856,3.0
19,67,1260.0,1.7923186344238975,4.0
19,68,0.0,0.0,0.0
19,69,584.0,1.9147540983606557,3.0
19,70,541.0,2.1991869918699187,3.0
19,71,0.0,0.0,0.0
19,72,882.0,1.753479125248509,3.0
19,73,1041.0,4.319502074688796,4.0
19,74,0.0,0.0,0.0
19,75,2534.0,2.821826280623608,4.0
19,76,0.0,0.0,0.0
19,77,395.0,1.5369649805447472,3.0
19,78,0.0,0.0,0.0
19,79,14.0,1.1666666666666667,1.0
19,80,0.0,0.0,0.0
19,81,46.0,1.0952380952380953,2.0
19,82,146.0,1.3904761904761904,2.0
19,83,56.0,1.2444444444444445,2.0
20,0,0.0,0.0,0.0
20,1,0.0,0.0,0.0
20,2,442.0,1.4166666666666667,3.0
20,3,34.0,1.3076923076923077,2.0
20,4,104.0,1.2093023255813953,2.0
20,5,512.0,1.7594501718213058,3.0
20,6,303.0,1.7314285714285715,3.0
20,7,0.0,0.0,0.0
20,8,0.0,0.0,0.0
20,9,1.0,1.0,1.0
20,10,0.0,0.0,0.0
20,11,177.0,1.3615384615384616,2.0
20,12,0.0,0.0,0.0
20,13,9.0,1.125,1.0
20,14,54.0,1.3170731707317074,2.0
20,15,223.0,2.2525252525252526,3.0
20,16,0.0,0.0,0.0
20,17,0.0,0.0,0.0
20,18,0.0,0.0,0.0
20,19,4985.0,2.374940447832301,5.0
20,20,0.0,0.0,0.0
20,21,1433.0,1.6938534278959811,4.0
20,22,1174.0,2.3813387423935093,4.0
20,23,2197.0,2.1882470119521913,4.0
20,24,0.0,0.0,0.0
20,25,1210.0,3.4571428571428573,4.0
20,26,0.0,0.0,0.0
20,27,0.0,0.0,0.0
20,28,1780.0,1.984392419175028,4.0
20,29,150.0,1.4851485148514851,2.0
20,30,10867.0,2.460267149649083,5.0
20,31,0.0,0.0,0.0
20,32,0.0,0.0,0.0
20,33,375.0,3.289473684210526,3.0
20,34,0.0,0.0,0.0
20,35,167.0,2.0617283950617282,2.0
20,36,0.0,0.0,0.0
20,37,6041.0,2.304845478824876,5.0
20,38,1424.0,1.9114093959731544,4.0
20,39,0.0,0.0,0.0
20,40,35941.0,2.9549453259886542,5.0
20,41,1447.0,1.824716267339218,4.0
20,42,0.0,0.0,0.0
20,43,660.0,1.4132762312633833,3.0
20,44,0.0,0.0,0.0
20,45,138.0,1.2321428571428572,2.0
20,46,0.0,0.0,0.0
20,47,0.0,0.0,0.0
20,48,0.0,0.0,0.0
20,49,697.0,1.8686327077747988,3.0
20,50,0.0,0.0,0.0
20,51,0.0,0.0,0.0
20,52,0.0,0.0,0.0
20,53,0.0,0.0,0.0
20,54,0.0,0.0,0.0
20,55,11891.0,2.1979667282809614,5.0
20,56,264.0,1.639751552795031,3.0
20,57,1051.0,1.6816,4.0
20,58,917.0,3.869198312236287,4.0
20,59,397.0,1.640495867768595,3.0
20,60,70.0,1.6666666666666667,2.0
20,61,12.0,1.2,1.0
20,62,1357.0,2.19935170178282,4.0
20,63,560.0,1.4395886889460154,3.0
20,64,440.0,1.4965986394557824,3.0
20,65,471.0,1.410179640718563,3.0
20,66,278.0,1.5027027027027027,3.0
20,67,920.0,1.6,4.0
20,68,0.0,0.0,0.0
20,69,391.0,1.6926406926406927,3.0
20,70,601.0,2.1854545454545455,3.0
20,71,0.0,0.0,0.0
20,72,653.0,1.6004901960784315,3.0
20,73,835.0,2.8694158075601375,4.0
20,74,0.0,0.0,0.0
20,75,5126.0,6.243605359317905,5.0
20,76,0.0,0.0,0.0
20,77,289.0,1.5621621621621622,3.0
20,78,0.0,0.0,0.0
20,79,17.0,1.7,1.0
20,80,0.0,0.0,0.0
20,81,36.0,1.0588235294117647,2.0
20,82,68.0,1.1724137931034482,2.0
20,83,50.0,1.25,2.0
21,0,0.0,0.0,0.0
21,1,0.0,0.0,0.0
21,2,502.0,1.4635568513119535,3.0
21,3,26.0,1.2380952380952381,2.0
21,4,113.0,1.486842105263158,2.0
21,5,530.0,1.6932907348242812,3.0
21,6,368.0,2.3144654088050314,3.0
21,7,0.0,0.0,0.0
21,8,0.0,0.0,0.0
21,9,3.0,1.0,1.0
21,10,0.0,0.0,0.0
21,11,132.0,1.2815533980582525,2.0
21,12,0.0,0.0,0.0
21,13,13.0,2.1666666666666665,1.0
21,14,166.0,2.8620689655172415,2.0
21,15,229.0,2.081818181818182,3.0
21,16,0.0,0.0,0.0
21,17,0.0,0.0,0.0
21,18,2.0,2.0,1.0
21,19,7769.0,3.4406554472984943,5.0
21,20,0.0,0.0,0.0
21,21,1578.0,1.757238307349666,4.0
21,22,1344.0,2.6508875739644973,4.0
21,23,2121.0,2.091715976331361,4.0
21,24,0.0,0.0,0.0
21,25,1564.0,3.6203703703703702,4.0
21,26,0.0,0.0,0.0
21,27,0.0,0.0,0.0
21,28,2387.0,2.5584137191854235,4.0
21,29,117.0,1.2717391304347827,2.0
21,30,10021.0,2.2837283500455787,5.0
21,31,0.0,0.0,0.0
21,32,0.0,0.0,0.0
21,33,366.0,3.327272727272727,3.0
21,34,0.0,0.0,0.0
21,35,323.0,3.510869565217391,3.0
21,36,0.0,0.0,0.0
21,37,6410.0,2.275470358537451,5.0
21,38,1459.0,1.9716216216216216,4.0
21,39,0.0,0.0,0.0
21,40,39031.0,3.0165391452198778,5.0
21,41,1331.0,1.8084239130434783,4.0
21,42,0.0,0.0,0.0
21,43,677.0,1.3816326530612244,3.0
21,44,0.0,0.0,0.0
21,45,775.0,4.281767955801105,3.0
21,46,0.0,0.0,0.0
21,47,0.0,0.0,0.0
21,48,0.0,0.0,0.0
21,49,859.0,2.105392156862745,3.0
21,50,0.0,0.0,0.0
21,51,0.0,0.0,0.0
21,52,0.0,0.0,0.0
21,53,0.0,0.0,0.0
21,54,0.0,0.0,0.0
21,55,12617.0,2.2030731622140736,5.0
21,56,301.0,1.8930817610062893,3.0
21,57,1244.0,1.8240469208211143,4.0
21,58,728.0,3.0588235294117645,3.0
21,59,451.0,1.7826086956521738,3.0
21,60,54.0,1.35,2.0
21,61,18.0,1.0588235294117647,1.0
21,62,2197.0,3.017857142857143,4.0
21,63,797.0,2.0488431876606685,3.0
21,64,668.0,1.8201634877384196,3.0
21,65,382.0,1.2524590163934426,3.0
21,66,392.0,1.7818181818181817,3.0
21,67,1173.0,1.8501577287066246,4.0
21,68,0.0,0.0,0.0
21,69,574.0,2.2868525896414345,3.0
21,70,649.0,2.3772893772893773,3.0
21,71,0.0,0.0,0.0
21,72,672.0,1.5342465753424657,3.0
21,73,717.0,2.7471264367816093,3.0
21,74,0.0,0.0,0.0
21,75,2690.0,3.272506082725061,4.0
21,76,0.0,0.0,0.0
21,77,757.0,2.1145251396648046,3.0
21,78,0.0,0.0,0.0
21,79,13.0,1.8571428571428572,1.0
21,80,0.0,0.0,0.0
21,81,46.0,1.2432432432432432,2.0
21,82,44.0,1.1578947368421053,2.0
21,83,36.0,1.0909090909090908,2.0
22,0,0.0,0.0,0.0
22,1,0.0,0.0,0.0
22,2,522.0,1.5675675675675675,3.0
22,3,22.0,1.2941176470588236,1.0
22,4,162.0,1.528301886792453,2.0
22,5,831.0,2.3147632311977717,3.0
22,6,370.0,1.8686868686868687,3.0
22,7,0.0,0.0,0.0
22,8,0.0,0.0,0.0
22,9,2.0,1.0,1.0
22,10,0.0,0.0,0.0
22,11,252.0,1.691275167785235,3.0
22,12,0.0,0.0,0.0
22,13,14.0,2.0,1.0
22,14,76.0,1.3818181818181818,2.0
22,15,182.0,1.8762886597938144,2.0
22,16,0.0,0.0,0.0
22,17,0.0,0.0,0.0
22,18,1.0,1.0,1.0
22,19,9810.0,4.162070428510819,5.0
22,20,0.0,0.0,0.0
22,21,1292.0,1.4971031286210892,4.0
22,22,987.0,2.002028397565923,4.0
22,23,2331.0,2.0340314136125652,4.0
22,24,0.0,0.0,0.0
22,25,1333.0,3.5171503957783643,4.0
22,26,0.0,0.0,0.0
22,27,0.0,0.0,0.0
22,28,2718.0,2.317135549872123,4.0
22,29,86.0,1.162162162162162,2.0
22,30,8203.0,1.8172352680549402,5.0
22,31,0.0,0.0,0.0
22,32,0.0,0.0,0.0
22,33,291.0,2.6454545454545455,3.0
22,34,0.0,0.0,0.0
22,35,160.0,1.9047619047619047,2.0
22,36,0.0,0.0,0.0
22,37,11879.0,3.701776254284824,5.0
22,38,1325.0,1.7480211081794195,4.0
22,39,0.0,0.0,0.0
22,40,38322.0,2.706164818868724,5.0
22,41,2385.0,2.661830357142857,4.0
22,42,0.0,0.0,0.0
22,43,1444.0,2.704119850187266,4.0
22,44,0.0,0.0,0.0
22,45,652.0,2.3537906137184117,3.0
22,46,1.0,1.0,1.0
22,47,0.0,0.0,0.0
22,48,0.0,0.0,0.0
22,49,1051.0,2.75130890052356,4.0
22,50,0.0,0.0,0.0
22,51,0.0,0.0,0.0
22,52,0.0,0.0,0.0
22,53,0.0,0.0,0.0
22,54,0.0,0.0,0.0
22,55,16895.0,2.7746756446050256,5.0
22,56,218.0,1.4248366013071896,2.0
22,57,1265.0,1.8880597014925373,4.0
22,58,646.0,2.73728813559322,3.0
22,59,544.0,2.0374531835205993,3.0
22,60,51.0,1.3076923076923077,2.0
22,61,13.0,1.0833333333333333,1.0
22,62,2222.0,3.1033519553072626,4.0
22,63,687.0,1.6514423076923077,3.0
22,64,538.0,1.478021978021978,3.0
22,65,472.0,1.392330383480826,3.0
22,66,445.0,1.654275092936803,3.0
22,67,1400.0,1.917808219178082,4.0
22,68,0.0,0.0,0.0
22,69,450.0,2.0642201834862384,3.0
22,70,576.0,2.10989010989011,3.0
22,71,0.0,0.0,0.0
22,72,564.0,1.558011049723757,3.0
22,73,608.0,2.4615384615384617,3.0
22,74,0.0,0.0,0.0
22,75,2403.0,2.7,4.0
22,76,0.0,0.0,0.0
22,77,560.0,1.671641791044776,3.0
22,78,0.0,0.0,0.0
22,79,12.0,1.2,1.0
22,80,0.0,0.0,0.0
22,81,94.0,1.46875,2.0
22,82,449.0,2.453551912568306,3.0
22,83,43.0,1.1944444444444444,2.0
23,0,0.0,0.0,0.0
23,1,0.0,0.0,0.0
23,2,647.0,1.658974358974359,3.0
23,3,23.0,1.15,1.0
23,4,213.0,1.6511627906976745,2.0
23,5,840.0,2.1374045801526718,3.0
23,6,1116.0,2.5773672055427252,3.0
23,7,0.0,0.0,0.0
23,8,0.0,0.0,0.0
23,9,0.0,0.0,0.0
23,10,0.0,0.0,0.0
23,11,189.0,1.512,2.0
23,12,0.0,0.0,0.0
23,13,18.0,2.25,1.0
23,14,101.0,1.578125,2.0
23,15,370.0,2.5874125874125875,3.0
23,16,0.0,0.0,0.0
23,17,0.0,0.0,0.0
23,18,3.0,3.0,1.0
23,19,10856.0,3.5396152592109553,5.0
23,20,0.0,0.0,0.0
23,21,3032.0,2.269461077844311,4.0
23,22,1432.0,2.452054794520548,4.0
23,23,4842.0,3.478448275862069,4.0
23,24,0.0,0.0,0.0
23,25,2473.0,4.820662768031189,4.0
23,26,0.0,0.0,0.0
23,27,0.0,0.0,0.0
23,28,3268.0,2.15,4.0
23,29,366.0,2.2732919254658386,3.0
23,30,16140.0,2.5881975625400897,5.0
23,31,0.0,0.0,0.0
23,32,0.0,0.0,0.0
23,33,587.0,3.261111111111111,3.0
23,34,0.0,0.0,0.0
23,35,174.0,2.0232558139534884,2.0
23,36,0.0,0.0,0.0
23,37,11868.0,3.0190791147290765,5.0
23,38,2742.0,2.306139613120269,4.0
23,39,0.0,0.0,0.0
23,40,59015.0,3.2579772551617534,5.0
23,41,3242.0,2.8044982698961936,4.0
23,42,0.0,0.0,0.0
23,43,1962.0,2.262975778546713,4.0
23,44,0.0,0.0,0.0
23,45,1790.0,3.800424628450106,4.0
23,46,0.0,0.0,0.0
23,47,0.0,0.0,0.0
23,48,0.0,0.0,0.0
23,49,1990.0,3.033536585365854,4.0
23,50,0.0,0.0,0.0
23,51,0.0,0.0,0.0
23,52,0.0,0.0,0.0
23,53,0.0,0.0,0.0
23,54,0.0,0.0,0.0
23,55,18505.0,2.4088778963811506,5.0
23,56,280.0,1.5135135135135136,2.0
23,57,2277.0,2.663157894736842,4.0
23,58,1112.0,4.133828996282528,3.0
23,59,530.0,1.8088737201365188,3.0
23,60,67.0,1.7179487179487178,2.0
23,61,25.0,1.3157894736842106,1.0
23,62,2974.0,3.6092233009708736,4.0
23,63,1034.0,1.9472693032015065,3.0
23,64,615.0,1.474820143884892,3.0
23,65,543.0,1.4403183023872679,3.0
23,66,793.0,2.131720430107527,3.0
23,67,1658.0,1.9414519906323184,4.0
23,68,0.0,0.0,0.0
23,69,871.0,3.178832116788321,3.0
23,70,786.0,2.3963414634146343,3.0
23,71,0.0,0.0,0.0
23,72,822.0,1.6741344195519348,3.0
23,73,898.0,3.0235690235690234,3.0
23,74,0.0,0.0,0.0
23,75,3851.0,3.3989408649602826,4.0
23,76,0.0,0.0,0.0
23,77,1091.0,2.543123543123543,3.0
23,78,0.0,0.0,0.0
23,79,8.0,1.1428571428571428,1.0
23,80,0.0,0.0,0.0
23,81,82.0,1.64,2.0
23,82,500.0,2.6595744680851063,3.0
23,83,155.0,1.5816326530612246,2.0
24,0,0.0,0.0,0.0
24,1,0.0,0.0,0.0
24,2,386.0,1.3591549295774648,3.0
24,3,24.0,1.0909090909090908,1.0
24,4,175.0,1.6826923076923077,2.0
24,5,645.0,2.1717171717171717,3.0
24,6,838.0,2.436046511627907,3.0
24,7,0.0,0.0,0.0
24,8,0.0,0.0,0.0
24,9,0.0,0.0,0.0
24,10,0.0,0.0,0.0
24,11,149.0,1.3669724770642202,2.0
24,12,0.0,0.0,0.0
24,13,13.0,1.625,1.0
24,14,65.0,1.4772727272727273,2.0
24,15,315.0,1.9936708860759493,3.0
24,16,0.0,0.0,0.0
24,17,0.0,0.0,0.0
24,18,3.0,3.0,1.0
24,19,6986.0,2.9589157136806437,5.0
24,20,0.0,0.0,0.0
24,21,1864.0,1.6945454545454546,4.0
24,22,1027.0,2.222943722943723,4.0
24,23,1971.0,1.8951923076923076,4.0
24,24,0.0,0.0,0.0
24,25,1794.0,3.8497854077253217,4.0
24,26,0.0,0.0,0.0
24,27,0.0,0.0,0.0
24,28,2628.0,1.992418498862775,4.0
24,29,311.0,2.237410071942446,3.0
24,30,10861.0,2.1844328238133546,5.0
24,31,0.0,0.0,0.0
24,32,0.0,0.0,0.0
24,33,808.0,3.740740740740741,3.0
24,34,0.0,0.0,0.0
24,35,145.0,1.858974358974359,2.0
24,36,0.0,0.0,0.0
24,37,6538.0,2.133115823817292,5.0
24,38,1583.0,1.9141475211608223,4.0
24,39,0.0,0.0,0.0
24,40,39444.0,2.8006248224936097,5.0
24,41,1690.0,1.8551042810098792,4.0
24,42,0.0,0.0,0.0
24,43,1113.0,1.752755905511811,4.0
24,44,0.0,0.0,0.0
24,45,941.0,2.364321608040201,3.0
24,46,0.0,0.0,0.0
24,47,0.0,0.0,0.0
24,48,0.0,0.0,0.0
24,49,1239.0,2.2944444444444443,4.0
24,50,0.0,0.0,0.0
24,51,0.0,0.0,0.0
24,52,0.0,0.0,0.0
24,53,0.0,0.0,0.0
24,54,0.0,0.0,0.0
24,55,12633.0,2.1214105793450884,5.0
24,56,223.0,1.4113924050632911,2.0
24,57,1778.0,2.4694444444444446,4.0
24,58,680.0,3.063063063063063,3.0
24,59,352.0,1.6525821596244132,3.0
24,60,49.0,1.4848484848484849,2.0
24,61,9.0,1.0,1.0
24,62,2546.0,3.5214384508990317,4.0
24,63,639.0,1.5509708737864079,3.0
24,64,458.0,1.396341463414634,3.0
24,65,447.0,1.4466019417475728,3.0
24,66,429.0,1.5947955390334572,3.0
24,67,1428.0,1.8449612403100775,4.0
24,68,0.0,0.0,0.0
24,69,598.0,2.743119266055046,3.0
24,70,483.0,1.9634146341463414,3.0
24,71,0.0,0.0,0.0
24,72,606.0,1.664835164835165,3.0
24,73,590.0,2.6457399103139014,3.0
24,74,0.0,0.0,0.0
24,75,2232.0,2.657142857142857,4.0
24,76,0.0,0.0,0.0
24,77,857.0,2.3805555555555555,3.0
24,78,0.0,0.0,0.0
24,79,8.0,1.1428571428571428,1.0
24,80,0.0,0.0,0.0
24,81,48.0,1.2307692307692308,2.0
24,82,226.0,1.808,2.0
24,83,135.0,1.5340909090909092,2.0
25,0,0.0,0.0,0.0
25,1,0.0,0.0,0.0
25,2,420.0,1.6216216216216217,3.0
25,3,11.0,1.1,1.0
25,4,135.0,1.3917525773195876,2.0
25,5,487.0,1.9558232931726907,3.0
25,6,553.0,1.9609929078014185,3.0
25,7,0.0,0.0,0.0
25,8,0.0,0.0,0.0
25,9,2.0,1.0,1.0
25,10,0.0,0.0,0.0
25,11,154.0,1.5098039215686274,2.0
25,12,0.0,0.0,0.0
25,13,8.0,2.0,1.0
25,14,50.0,1.2195121951219512,2.0
25,15,183.0,1.6636363636363636,2.0
25,16,0.0,0.0,0.0
25,17,0.0,0.0,0.0
25,18,3.0,3.0,1.0
25,19,4858.0,2.3709126403123473,5.0
25,20,0.0,0.0,0.0
25,21,1578.0,1.6134969325153374,4.0
25,22,867.0,2.162094763092269,3.0
25,23,1503.0,1.6057692307692308,4.0
25,24,0.0,0.0,0.0
25,25,1279.0,3.3307291666666665,4.0
25,26,0.0,0.0,0.0
25,27,0.0,0.0,0.0
25,28,2335.0,2.032201914708442,4.0
25,29,136.0,1.3877551020408163,2.0
25,30,7620.0,1.809976247030879,5.0
25,31,0.0,0.0,0.0
25,32,0.0,0.0,0.0
25,33,403.0,2.1099476439790577,3.0
25,34,0.0,0.0,0.0
25,35,88.0,1.4915254237288136,2.0
25,36,0.0,0.0,0.0
25,37,4995.0,1.8110949963741843,5.0
25,38,1483.0,2.017687074829932,4.0
25,39,0.0,0.0,0.0
25,40,29041.0,2.301188589540412,5.0
25,41,1511.0,1.8315151515151515,4.0
25,42,0.0,0.0,0.0
25,43,806.0,1.6382113821138211,3.0
25,44,0.0,0.0,0.0
25,45,552.0,1.936842105263158,3.0
25,46,0.0,0.0,0.0
25,47,0.0,0.0,0.0
25,48,0.0,0.0,0.0
25,49,822.0,2.0862944162436547,3.0
25,50,0.0,0.0,0.0
25,51,0.0,0.0,0.0
25,52,0.0,0.0,0.0
25,53,0.0,0.0,0.0
25,54,0.0,0.0,0.0
25,55,10343.0,1.8887874360847334,5.0
25,56,153.0,1.3909090909090909,2.0
25,57,875.0,1.6385767790262171,3.0
25,58,478.0,2.414141414141414,3.0
25,59,297.0,1.5549738219895288,3.0
25,60,30.0,1.4285714285714286,1.0
25,61,10.0,1.1111111111111112,1.0
25,62,2017.0,2.877318116975749,4.0
25,63,817.0,1.8236607142857142,3.0
25,64,434.0,1.3353846153846154,3.0
25,65,370.0,1.3857677902621723,3.0
25,66,350.0,1.5486725663716814,3.0
25,67,1607.0,2.1426666666666665,4.0
25,68,0.0,0.0,0.0
25,69,442.0,2.2666666666666666,3.0
25,70,443.0,1.893162393162393,3.0
25,71,0.0,0.0,0.0
25,72,519.0,1.4416666666666667,3.0
25,73,302.0,2.0827586206896553,3.0
25,74,0.0,0.0,0.0
25,75,1851.0,2.246359223300971,4.0
25,76,0.0,0.0,0.0
25,77,728.0,2.0,3.0
25,78,0.0,0.0,0.0
25,79,14.0,1.4,1.0
25,80,0.0,0.0,0.0
25,81,29.0,1.2608695652173914,1.0
25,82,138.0,1.6626506024096386,2.0
25,83,98.0,1.4,2.0
26,0,0.0,0.0,0.0
26,1,0.0,0.0,0.0
26,2,393.0,1.827906976744186,3.0
26,3,4.0,1.0,1.0
26,4,123.0,1.4137931034482758,2.0
26,5,321.0,1.5141509433962264,3.0
26,6,1043.0,3.1702127659574466,4.0
26,7,0.0,0.0,0.0
26,8,0.0,0.0,0.0
26,9,4.0,1.3333333333333333,1.0
26,10,0.0,0.0,0.0
26,11,113.0,1.4303797468354431,2.0
26,12,0.0,0.0,0.0
26,13,9.0,1.2857142857142858,1.0
26,14,41.0,1.3666666666666667,2.0
26,15,196.0,1.719298245614035,3.0
26,16,0.0,0.0,0.0
26,17,0.0,0.0,0.0
26,18,2.0,2.0,1.0
26,19,5010.0,2.47897080653142,5.0
26,20,0.0,0.0,0.0
26,21,1467.0,1.6318131256952169,4.0
26,22,699.0,1.8891891891891892,3.0
26,23,1387.0,1.5497206703910615,4.0
26,24,0.0,0.0,0.0
26,25,1119.0,3.116991643454039,4.0
26,26,0.0,0.0,0.0
26,27,0.0,0.0,0.0
26,28,2337.0,2.0094582975064488,4.0
26,29,126.0,1.4,2.0
26,30,7597.0,1.8385769603097772,5.0
26,31,0.0,0.0,0.0
26,32,0.0,0.0,0.0
26,33,343.0,2.066265060240964,3.0
26,34,0.0,0.0,0.0
26,35,86.0,1.6226415094339623,2.0
26,36,0.0,0.0,0.0
26,37,4782.0,1.8127369219105383,5.0
26,38,1567.0,2.0921228304405877,4.0
26,39,0.0,0.0,0.0
26,40,28122.0,2.2411539687599618,5.0
26,41,1380.0,1.8449197860962567,4.0
26,42,0.0,0.0,0.0
26,43,682.0,1.5291479820627802,3.0
26,44,0.0,0.0,0.0
26,45,332.0,1.509090909090909,3.0
26,46,0.0,0.0,0.0
26,47,0.0,0.0,0.0
26,48,0.0,0.0,0.0
26,49,843.0,2.007142857142857,4.0
26,50,0.0,0.0,0.0
26,51,0.0,0.0,0.0
26,52,0.0,0.0,0.0
26,53,0.0,0.0,0.0
26,54,0.0,0.0,0.0
26,55,10789.0,2.0257228689447992,5.0
26,56,135.0,1.25,2.0
26,57,769.0,1.4845559845559846,4.0
26,58,424.0,2.267379679144385,3.0
26,59,386.0,1.6083333333333334,3.0
26,60,39.0,1.4444444444444444,2.0
26,61,14.0,1.4,1.0
26,62,1876.0,2.8,4.0
26,63,1078.0,2.147410358565737,4.0
26,64,392.0,1.264516129032258,3.0
26,65,439.0,1.4682274247491638,3.0
26,66,326.0,1.481818181818182,3.0
26,67,1323.0,1.7830188679245282,4.0
26,68,0.0,0.0,0.0
26,69,323.0,1.8457142857142856,3.0
26,70,302.0,1.5408163265306123,3.0
26,71,0.0,0.0,0.0
26,72,485.0,1.4098837209302326,3.0
26,73,208.0,1.5407407407407407,3.0
26,74,0.0,0.0,0.0
26,75,1852.0,2.215311004784689,4.0
26,76,0.0,0.0,0.0
26,77,540.0,1.6071428571428572,3.0
26,78,0.0,0.0,0.0
26,79,8.0,1.3333333333333333,1.0
26,80,0.0,0.0,0.0
26,81,29.0,1.1153846153846154,2.0
26,82,82.0,1.2424242424242424,2.0
26,83,92.0,1.2266666666666666,2.0
27,0,0.0,0.0,0.0
27,1,0.0,0.0,0.0
27,2,310.0,1.3963963963963963,2.0
27,3,2.0,1.0,1.0
27,4,87.0,1.3384615384615384,2.0
27,5,408.0,1.8295964125560538,3.0
27,6,576.0,2.0498220640569396,3.0
27,7,0.0,0.0,0.0
27,8,0.0,0.0,0.0
27,9,1.0,1.0,1.0
27,10,0.0,0.0,0.0
27,11,104.0,1.3506493506493507,2.0
27,12,0.0,0.0,0.0
27,13,7.0,1.1666666666666667,1.0
27,14,45.0,1.40625,2.0
27,15,151.0,1.6063829787234043,2.0
27,16,0.0,0.0,0.0
27,17,0.0,0.0,0.0
27,18,0.0,0.0,0.0
27,19,3603.0,2.2703213610586013,4.0
27,20,0.0,0.0,0.0
27,21,1075.0,1.4930555555555556,3.0
27,22,595.0,1.859375,3.0
27,23,2756.0,3.8491620111731844,4.0
27,24,0.0,0.0,0.0
27,25,860.0,2.369146005509642,3.0
27,26,0.0,0.0,0.0
27,27,0.0,0.0,0.0
27,28,2285.0,2.199230028873917,4.0
27,29,90.0,1.2857142857142858,2.0
27,30,9084.0,2.469820554649266,4.0
27,31,0.0,0.0,0.0
27,32,0.0,0.0,0.0
27,33,219.0,1.5103448275862068,2.0
27,34,0.0,0.0,0.0
27,35,51.0,1.3783783783783783,2.0
27,36,0.0,0.0,0.0
27,37,3730.0,1.8743718592964824,4.0
27,38,1003.0,1.7783687943262412,3.0
27,39,0.0,0.0,0.0
27,40,32301.0,3.2143496865359737,5.0
27,41,1257.0,2.1055276381909547,3.0
27,42,0.0,0.0,0.0
27,43,529.0,1.4943502824858756,3.0
27,44,0.0,0.0,0.0
27,45,234.0,1.4096385542168675,2.0
27,46,0.0,0.0,0.0
27,47,0.0,0.0,0.0
27,48,0.0,0.0,0.0
27,49,716.0,2.5755395683453237,3.0
27,50,0.0,0.0,0.0
27,51,0.0,0.0,0.0
27,52,0.0,0.0,0.0
27,53,0.0,0.0,0.0
27,54,0.0,0.0,0.0
27,55,7856.0,1.7721633205504173,4.0
27,56,256.0,1.6842105263157894,2.0
27,57,931.0,2.037199124726477,3.0
27,58,217.0,1.7642276422764227,2.0
27,59,248.0,1.5121951219512195,2.0
27,60,35.0,1.3461538461538463,1.0
27,61,8.0,2.6666666666666665,1.0
27,62,1255.0,2.3283858998144713,3.0
27,63,585.0,1.647887323943662,3.0
27,64,292.0,1.2217573221757323,2.0
27,65,275.0,1.2850467289719627,2.0
27,66,230.0,1.369047619047619,2.0
27,67,835.0,1.5636704119850187,3.0
27,68,0.0,0.0,0.0
27,69,282.0,1.9054054054054055,2.0
27,70,200.0,1.4285714285714286,2.0
27,71,0.0,0.0,0.0
27,72,413.0,1.4241379310344828,3.0
27,73,160.0,1.4545454545454546,2.0
27,74,0.0,0.0,0.0
27,75,1087.0,1.7588996763754046,3.0
27,76,0.0,0.0,0.0
27,77,435.0,1.4948453608247423,3.0
27,78,0.0,0.0,0.0
27,79,6.0,1.0,1.0
27,80,0.0,0.0,0.0
27,81,17.0,1.1333333333333333,1.0
27,82,47.0,1.3428571428571427,2.0
27,83,102.0,1.3076923076923077,2.0
28,0,0.0,0.0,0.0
28,1,0.0,0.0,0.0
28,2,472.0,2.0,3.0
28,3,6.0,1.0,1.0
28,4,67.0,1.1754385964912282,2.0
28,5,277.0,1.5303867403314917,3.0
28,6,451.0,1.6828358208955223,3.0
28,7,0.0,0.0,0.0
28,8,0.0,0.0,0.0
28,9,0.0,0.0,0.0
28,10,0.0,0.0,0.0
28,11,128.0,1.6842105263157894,3.0
28,12,0.0,0.0,0.0
28,13,6.0,1.2,1.0
28,14,23.0,1.15,2.0
28,15,93.0,1.2077922077922079,2.0
28,16,0.0,0.0,0.0
28,17,0.0,0.0,0.0
28,18,1.0,1.0,1.0
28,19,3385.0,2.09727385377943,5.0
28,20,0.0,0.0,0.0
28,21,1151.0,1.6657018813314037,4.0
28,22,812.0,2.36734693877551,4.0
28,23,1347.0,1.9955555555555555,4.0
28,24,0.0,0.0,0.0
28,25,791.0,2.495268138801262,4.0
28,26,0.0,0.0,0.0
28,27,0.0,0.0,0.0
28,28,1801.0,1.9058201058201059,4.0
28,29,74.0,1.2982456140350878,2.0
28,30,6249.0,1.8134068485200232,5.0
28,31,0.0,0.0,0.0
28,32,0.0,0.0,0.0
28,33,202.0,1.4744525547445255,3.0
28,34,0.0,0.0,0.0
28,35,41.0,1.28125,2.0
28,36,0.0,0.0,0.0
28,37,4502.0,2.17803580067731,5.0
28,38,1331.0,2.086206896551724,4.0
28,39,0.0,0.0,0.0
28,40,25891.0,2.621342512908778,5.0
28,41,1453.0,2.454391891891892,4.0
28,42,0.0,0.0,0.0
28,43,2060.0,4.282744282744282,4.0
28,44,0.0,0.0,0.0
28,45,283.0,1.521505376344086,3.0
28,46,0.0,0.0,0.0
28,47,0.0,0.0,0.0
28,48,0.0,0.0,0.0
28,49,4503.0,12.37087912087912,5.0
28,50,0.0,0.0,0.0
28,51,0.0,0.0,0.0
28,52,0.0,0.0,0.0
28,53,0.0,0.0,0.0
28,54,0.0,0.0,0.0
28,55,7573.0,1.75707656612529,5.0
28,56,140.0,1.2962962962962963,3.0
28,57,838.0,1.7531380753138075,4.0
28,58,211.0,1.9537037037037037,3.0
28,59,285.0,1.4766839378238341,3.0
28,60,21.0,1.5,2.0
28,61,4.0,1.3333333333333333,1.0
28,62,1165.0,2.3115079365079363,4.0
28,63,512.0,1.5515151515151515,3.0
28,64,301.0,1.2594142259414225,3.0
28,65,234.0,1.17,3.0
28,66,183.0,1.316546762589928,3.0
28,67,716.0,1.4122287968441816,4.0
28,68,0.0,0.0,0.0
28,69,255.0,1.7586206896551724,3.0
28,70,194.0,1.3857142857142857,3.0
28,71,0.0,0.0,0.0
28,72,373.0,1.3763837638376384,3.0
28,73,152.0,1.345132743362832,3.0
28,74,0.0,0.0,0.0
28,75,1198.0,2.079861111111111,4.0
28,76,0.0,0.0,0.0
28,77,424.0,1.525179856115108,3.0
28,78,0.0,0.0,0.0
28,79,10.0,1.1111111111111112,1.0
28,80,0.0,0.0,0.0
28,81,26.0,1.1818181818181819,2.0
28,82,32.0,1.1428571428571428,2.0
28,83,62.0,1.24,2.0
29,0,0.0,0.0,0.0
29,1,0.0,0.0,0.0
29,2,391.0,1.4166666666666667,3.0
29,3,20.0,1.3333333333333333,2.0
29,4,62.0,1.2653061224489797,2.0
29,5,202.0,1.303225806451613,3.0
29,6,333.0,1.7253886010362693,3.0
29,7,0.0,0.0,0.0
29,8,0.0,0.0,0.0
29,9,1.0,1.0,1.0
29,10,0.0,0.0,0.0
29,11,434.0,3.875,3.0
29,12,0.0,0.0,0.0
29,13,10.0,1.6666666666666667,1.0
29,14,22.0,1.1578947368421053,2.0
29,15,98.0,1.5555555555555556,2.0
29,16,0.0,0.0,0.0
29,17,0.0,0.0,0.0
29,18,1.0,1.0,1.0
29,19,3343.0,2.094611528822055,5.0
29,20,0.0,0.0,0.0
29,21,1348.0,1.7760210803689065,4.0
29,22,1092.0,2.625,4.0
29,23,1155.0,1.7316341829085458,4.0
29,24,0.0,0.0,0.0
29,25,735.0,2.4177631578947367,4.0
29,26,0.0,0.0,0.0
29,27,0.0,0.0,0.0
29,28,1758.0,1.892357373519914,4.0
29,29,56.0,1.1914893617021276,2.0
29,30,5988.0,1.7241577886553412,5.0
29,31,0.0,0.0,0.0
29,32,0.0,0.0,0.0
29,33,178.0,1.5478260869565217,3.0
29,34,0.0,0.0,0.0
29,35,43.0,1.34375,2.0
29,36,0.0,0.0,0.0
29,37,4380.0,2.042910447761194,5.0
29,38,1022.0,1.9246704331450095,4.0
29,39,0.0,0.0,0.0
29,40,22984.0,2.3775731871314782,5.0
29,41,1009.0,1.7701754385964912,4.0
29,42,0.0,0.0,0.0
29,43,779.0,1.6263048016701462,4.0
29,44,0.0,0.0,0.0
29,45,195.0,1.3448275862068966,3.0
29,46,0.0,0.0,0.0
29,47,0.0,0.0,0.0
29,48,0.0,0.0,0.0
29,49,1426.0,4.016901408450704,4.0
29,50,0.0,0.0,0.0
29,51,0.0,0.0,0.0
29,52,0.0,0.0,0.0
29,53,0.0,0.0,0.0
29,54,0.0,0.0,0.0
29,55,7449.0,1.7108406063389987,5.0
29,56,169.0,1.4955752212389382,3.0
29,57,608.0,1.4373522458628842,4.0
29,58,213.0,1.9017857142857142,3.0
29,59,204.0,1.3972602739726028,3.0
29,60,33.0,1.375,2.0
29,61,5.0,1.25,1.0
29,62,1089.0,2.2315573770491803,4.0
29,63,372.0,1.4588235294117646,3.0
29,64,525.0,1.7918088737201365,3.0
29,65,273.0,1.4293193717277486,3.0
29,66,184.0,1.3333333333333333,3.0
29,67,640.0,1.3882863340563991,4.0
29,68,0.0,0.0,0.0
29,69,245.0,1.5705128205128205,3.0
29,70,177.0,1.4274193548387097,3.0
29,71,0.0,0.0,0.0
29,72,428.0,1.325077399380805,3.0
29,73,120.0,1.4814814814814814,3.0
29,74,0.0,0.0,0.0
29,75,1769.0,2.7215384615384615,4.0
29,76,0.0,0.0,0.0
29,77,390.0,1.5116279069767442,3.0
29,78,0.0,0.0,0.0
29,79,35.0,1.5909090909090908,2.0
29,80,0.0,0.0,0.0
29,81,19.0,1.1176470588235294,2.0
29,82,56.0,1.2173913043478262,2.0
29,83,60.0,1.1764705882352942,2.0
30,0,0.0,0.0,0.0
30,1,0.0,0.0,0.0
30,2,656.0,1.9181286549707601,4.0
30,3,14.0,1.0769230769230769,1.0
30,4,64.0,1.28,2.0
30,5,269.0,1.5027932960893855,3.0
30,6,338.0,1.5794392523364487,3.0
30,7,0.0,0.0,0.0
30,8,0.0,0.0,0.0
30,9,0.0,0.0,0.0
30,10,0.0,0.0,0.0
30,11,352.0,3.2,3.0
30,12,0.0,0.0,0.0
30,13,6.0,1.5,1.0
30,14,19.0,1.2666666666666666,1.0
30,15,143.0,1.5888888888888888,3.0
30,16,0.0,0.0,0.0
30,17,0.0,0.0,0.0
30,18,1.0,1.0,1.0
30,19,3641.0,2.2685358255451713,5.0
30,20,0.0,0.0,0.0
30,21,1060.0,1.4343707713125846,4.0
30,22,740.0,1.8877551020408163,4.0
30,23,1236.0,1.6862210095497954,4.0
30,24,0.0,0.0,0.0
30,25,642.0,2.5078125,4.0
30,26,0.0,0.0,0.0
30,27,0.0,0.0,0.0
30,28,1429.0,1.5583424209378407,4.0
30,29,58.0,1.2083333333333333,2.0
30,30,6030.0,1.7029087828297091,5.0
30,31,0.0,0.0,0.0
30,32,0.0,0.0,0.0
30,33,146.0,1.226890756302521,3.0
30,34,0.0,0.0,0.0
30,35,47.0,1.3428571428571427,2.0
30,36,0.0,0.0,0.0
30,37,3743.0,1.744988344988345,5.0
30,38,1284.0,2.2099827882960414,4.0
30,39,0.0,0.0,0.0
30,40,22667.0,2.195989149389653,5.0
30,41,975.0,1.5931372549019607,4.0
30,42,0.0,0.0,0.0
30,43,717.0,1.5723684210526316,4.0
30,44,0.0,0.0,0.0
30,45,219.0,1.2958579881656804,3.0
30,46,0.0,0.0,0.0
30,47,0.0,0.0,0.0
30,48,0.0,0.0,0.0
30,49,1033.0,2.9180790960451977,4.0
30,50,0.0,0.0,0.0
30,51,0.0,0.0,0.0
30,52,0.0,0.0,0.0
30,53,0.0,0.0,0.0
30,54,0.0,0.0,0.0
30,55,7900.0,1.715526601520087,5.0
30,56,176.0,1.3968253968253967,3.0
30,57,615.0,1.3666666666666667,4.0
30,58,174.0,1.6111111111111112,3.0
30,59,212.0,1.325,3.0
30,60,31.0,1.4090909090909092,2.0
30,61,10.0,2.0,1.0
30,62,1018.0,2.0565656565656565,4.0
30,63,411.0,1.37,3.0
30,64,400.0,1.5267175572519085,3.0
30,65,465.0,1.8379446640316206,3.0
30,66,220.0,1.3496932515337423,3.0
30,67,727.0,1.3339449541284403,4.0
30,68,0.0,0.0,0.0
30,69,363.0,1.9516129032258065,3.0
30,70,192.0,1.5238095238095237,3.0
30,71,0.0,0.0,0.0
30,72,549.0,1.520775623268698,4.0
30,73,142.0,1.3653846153846154,3.0
30,74,0.0,0.0,0.0
30,75,1420.0,2.019914651493599,4.0
30,76,0.0,0.0,0.0
30,77,465.0,1.514657980456026,3.0
30,78,0.0,0.0,0.0
30,79,40.0,1.8181818181818181,2.0
30,80,0.0,0.0,0.0
30,81,11.0,1.1,1.0
30,82,63.0,1.2352941176470589,2.0
30,83,66.0,1.2692307692307692,2.0
31,0,0.0,0.0,0.0
31,1,0.0,0.0,0.0
31,2,558.0,1.8662207357859533,4.0
31,3,15.0,1.0714285714285714,1.0
31,4,55.0,1.375,2.0
31,5,276.0,1.4300518134715026,3.0
31,6,347.0,1.6445497630331753,3.0
31,7,0.0,0.0,0.0
31,8,0.0,0.0,0.0
31,9,0.0,0.0,0.0
31,10,0.0,0.0,0.0
31,11,279.0,2.735294117647059,3.0
31,12,0.0,0.0,0.0
31,13,9.0,2.25,1.0
31,14,36.0,1.2413793103448276,2.0
31,15,167.0,1.7578947368421052,3.0
31,16,0.0,0.0,0.0
31,17,0.0,0.0,0.0
31,18,4.0,4.0,1.0
31,19,3207.0,2.069032258064516,4.0
31,20,0.0,0.0,0.0
31,21,1144.0,1.5910987482614742,4.0
31,22,644.0,1.8295454545454546,4.0
31,23,1061.0,1.5580029368575623,4.0
31,24,0.0,0.0,0.0
31,25,686.0,2.3412969283276452,4.0
31,26,0.0,0.0,0.0
31,27,0.0,0.0,0.0
31,28,1381.0,1.617096018735363,4.0
31,29,82.0,1.3015873015873016,2.0
31,30,6756.0,1.7811758502504613,5.0
31,31,0.0,0.0,0.0
31,32,0.0,0.0,0.0
31,33,131.0,1.31,3.0
31,34,0.0,0.0,0.0
31,35,54.0,1.3170731707317074,2.0
31,36,0.0,0.0,0.0
31,37,4497.0,2.003118040089087,5.0
31,38,1955.0,2.6454668470906633,4.0
31,39,0.0,0.0,0.0
31,40,22996.0,2.302823953534949,5.0
31,41,1349.0,1.9550724637681158,4.0
31,42,0.0,0.0,0.0
31,43,612.0,1.4641148325358853,4.0
31,44,0.0,0.0,0.0
31,45,233.0,1.6293706293706294,3.0
31,46,0.0,0.0,0.0
31,47,0.0,0.0,0.0
31,48,0.0,0.0,0.0
31,49,955.0,2.80058651026393,4.0
31,50,0.0,0.0,0.0
31,51,0.0,0.0,0.0
31,52,0.0,0.0,0.0
31,53,0.0,0.0,0.0
31,54,0.0,0.0,0.0
31,55,8237.0,1.795335658238884,5.0
31,56,198.0,1.5114503816793894,3.0
31,57,778.0,1.6588486140724947,4.0
31,58,475.0,3.2312925170068025,3.0
31,59,260.0,1.625,3.0
31,60,30.0,1.5789473684210527,2.0
31,61,7.0,1.4,1.0
31,62,1236.0,2.2350813743218807,4.0
31,63,398.0,1.3676975945017182,3.0
31,64,340.0,1.3821138211382114,3.0
31,65,244.0,1.4269005847953216,3.0
31,66,267.0,1.335,3.0
31,67,846.0,1.3937397034596375,4.0
31,68,0.0,0.0,0.0
31,69,311.0,1.8511904761904763,3.0
31,70,158.0,1.2845528455284554,3.0
31,71,0.0,0.0,0.0
31,72,546.0,1.5423728813559323,4.0
31,73,153.0,1.4433962264150944,3.0
31,74,0.0,0.0,0.0
31,75,1460.0,2.2955974842767297,4.0
31,76,0.0,0.0,0.0
31,77,481.0,1.5416666666666667,3.0
31,78,0.0,0.0,0.0
31,79,38.0,1.3571428571428572,2.0
31,80,0.0,0.0,0.0
31,81,7.0,1.0,1.0
31,82,56.0,1.12,2.0
31,83,79.0,1.3389830508474576,2.0
32,0,0.0,0.0,0.0
32,1,0.0,0.0,0.0
32,2,288.0,1.3395348837209302,3.0
32,3,8.0,1.0,1.0
32,4,55.0,1.4473684210526316,2.0
32,5,176.0,1.2307692307692308,3.0
32,6,288.0,1.4922279792746114,3.0
32,7,0.0,0.0,0.0
32,8,0.0,0.0,0.0
32,9,1.0,1.0,1.0
32,10,0.0,0.0,0.0
32,11,168.0,1.9534883720930232,3.0
32,12,0.0,0.0,0.0
32,13,5.0,1.25,1.0
32,14,47.0,1.6206896551724137,2.0
32,15,186.0,1.576271186440678,3.0
32,16,0.0,0.0,0.0
32,17,0.0,0.0,0.0
32,18,0.0,0.0,0.0
32,19,4090.0,2.9131054131054133,5.0
32,20,0.0,0.0,0.0
32,21,2632.0,3.7175141242937855,4.0
32,22,599.0,1.9511400651465798,4.0
32,23,1092.0,1.6421052631578947,4.0
32,24,0.0,0.0,0.0
32,25,721.0,2.469178082191781,4.0
32,26,0.0,0.0,0.0
32,27,0.0,0.0,0.0
32,28,1901.0,2.301452784503632,4.0
32,29,97.0,1.3472222222222223,2.0
32,30,8823.0,2.7156048014773777,5.0
32,31,0.0,0.0,0.0
32,32,0.0,0.0,0.0
32,33,123.0,1.2178217821782178,3.0
32,34,0.0,0.0,0.0
32,35,742.0,6.508771929824562,4.0
32,36,0.0,0.0,0.0
32,37,4170.0,2.2263747997864387,5.0
32,38,1567.0,2.3923664122137405,4.0
32,39,0.0,0.0,0.0
32,40,23561.0,2.6911479154768703,5.0
32,41,2245.0,3.0753424657534247,4.0
32,42,0.0,0.0,0.0
32,43,2142.0,5.836512261580381,4.0
32,44,0.0,0.0,0.0
32,45,213.0,1.5777777777777777,3.0
32,46,0.0,0.0,0.0
32,47,0.0,0.0,0.0
32,48,0.0,0.0,0.0
32,49,2038.0,6.38871473354232,4.0
32,50,0.0,0.0,0.0
32,51,0.0,0.0,0.0
32,52,0.0,0.0,0.0
32,53,0.0,0.0,0.0
32,54,0.0,0.0,0.0
32,55,7740.0,1.9575113808801214,5.0
32,56,145.0,1.5263157894736843,3.0
32,57,640.0,1.5238095238095237,4.0
32,58,363.0,2.4527027027027026,3.0
32,59,243.0,1.5093167701863355,3.0
32,60,167.0,3.036363636363636,3.0
32,61,4.0,1.3333333333333333,1.0
32,62,1225.0,2.464788732394366,4.0
32,63,285.0,1.2837837837837838,3.0
32,64,270.0,1.2857142857142858,3.0
32,65,196.0,1.3706293706293706,3.0
32,66,393.0,1.8537735849056605,3.0
32,67,815.0,1.4684684684684686,4.0
32,68,0.0,0.0,0.0
32,69,177.0,1.3511450381679388,3.0
32,70,156.0,1.5145631067961165,3.0
32,71,0.0,0.0,0.0
32,72,417.0,1.3408360128617363,3.0
32,73,131.0,1.297029702970297,3.0
32,74,0.0,0.0,0.0
32,75,1118.0,2.0144144144144143,4.0
32,76,0.0,0.0,0.0
32,77,256.0,1.248780487804878,3.0
32,78,0.0,0.0,0.0
32,79,37.0,1.7619047619047619,2.0
32,80,0.0,0.0,0.0
32,81,16.0,1.1428571428571428,1.0
32,82,35.0,1.25,2.0
32,83,62.0,1.1923076923076923,2.0
33,0,0.0,0.0,0.0
33,1,0.0,0.0,0.0
33,2,296.0,1.4230769230769231,2.0
33,3,10.0,1.1111111111111112,1.0
33,4,110.0,1.5068493150684932,2.0
33,5,239.0,1.49375,2.0
33,6,487.0,2.0635593220338984,3.0
33,7,0.0,0.0,0.0
33,8,0.0,0.0,0.0
33,9,3.0,1.0,1.0
33,10,0.0,0.0,0.0
33,11,159.0,1.8275862068965518,2.0
33,12,0.0,0.0,0.0
33,13,9.0,1.5,1.0
33,14,99.0,2.8285714285714287,2.0
33,15,133.0,1.4301075268817205,2.0
33,16,0.0,0.0,0.0
33,17,0.0,0.0,0.0
33,18,0.0,0.0,0.0
33,19,3769.0,2.3222427603203943,4.0
33,20,0.0,0.0,0.0
33,21,1447.0,1.9293333333333333,3.0
33,22,601.0,1.7940298507462686,3.0
33,23,1258.0,1.85,3.0
33,24,0.0,0.0,0.0
33,25,728.0,2.3947368421052633,3.0
33,26,0.0,0.0,0.0
33,27,0.0,0.0,0.0
33,28,2263.0,2.394708994708995,4.0
33,29,128.0,1.471264367816092,2.0
33,30,7050.0,2.0765832106038293,4.0
33,31,0.0,0.0,0.0
33,32,0.0,0.0,0.0
33,33,162.0,1.4336283185840708,2.0
33,34,0.0,0.0,0.0
33,35,258.0,2.504854368932039,2.0
33,36,0.0,0.0,0.0
33,37,3452.0,1.8092243186582808,4.0
33,38,1312.0,2.05,3.0
33,39,0.0,0.0,0.0
33,40,25226.0,2.7280198983454094,5.0
33,41,1398.0,2.341708542713568,3.0
33,42,0.0,0.0,0.0
33,43,719.0,1.68384074941452,3.0
33,44,0.0,0.0,0.0
33,45,252.0,1.5949367088607596,2.0
33,46,0.0,0.0,0.0
33,47,0.0,0.0,0.0
33,48,0.0,0.0,0.0
33,49,2898.0,8.375722543352602,4.0
33,50,0.0,0.0,0.0
33,51,0.0,0.0,0.0
33,52,0.0,0.0,0.0
33,53,0.0,0.0,0.0
33,54,0.0,0.0,0.0
33,55,8142.0,1.9609826589595376,4.0
33,56,180.0,1.5254237288135593,2.0
33,57,791.0,1.7855530474040633,3.0
33,58,276.0,1.903448275862069,2.0
33,59,262.0,1.4555555555555555,2.0
33,60,83.0,2.3714285714285714,2.0
33,61,6.0,1.2,1.0
33,62,1248.0,2.289908256880734,3.0
33,63,336.0,1.3333333333333333,2.0
33,64,360.0,1.5254237288135593,2.0
33,65,224.0,1.4,2.0
33,66,412.0,1.6031128404669261,2.0
33,67,987.0,1.6022727272727273,3.0
33,68,0.0,0.0,0.0
33,69,233.0,1.6293706293706294,2.0
33,70,159.0,1.4454545454545455,2.0
33,71,0.0,0.0,0.0
33,72,557.0,1.7852564102564104,3.0
33,73,322.0,1.8941176470588235,2.0
33,74,0.0,0.0,0.0
33,75,1209.0,2.0083056478405314,3.0
33,76,0.0,0.0,0.0
33,77,423.0,1.6588235294117648,2.0
33,78,0.0,0.0,0.0
33,79,232.0,4.549019607843137,2.0
33,80,0.0,0.0,0.0
33,81,7.0,1.0,1.0
33,82,64.0,1.4883720930232558,2.0
33,83,87.0,1.3181818181818181,2.0
